"","Município","UF","Operações de Crédito por Município","Proporção Relativa de Capital de Risco","Capital Poupado per capita","Índice de Capital Disponível","V7","Tempo de Viabilidade de Localização","Tempo de Registro, Cadastro e Viabilidade de Nome","Taxa de Congestionamento em Tribunais","Índice de Tempo de Processos","Alíquota Interna do ICMS","Alíquota Interna do IPTU","Alíquota Interna do ISS","Qualidade de Gestão Fiscal","Índice de Tributação","Simplicidade Tributária","CNDs Municipais","Atualização de Zoneamento","Índice de Complexidade Burocrática","V16","Nota do IDEB","Proporção de Adultos com pelo menos o Ensino Médio Completo","Taxa Líquida de Matrícula no Ensino Médio","Nota Média no ENEM","Proporção de Matriculados no Ensino Técnico e Profissionalizante","Índice de Acesso e Qualidade da Mão de Obra Básica","Proporção de Adultos com pelo menos os Ensino Superior Completo","Proporção de Alunos Concluintes em Cursos de Alta Qualidade","Custo Médio de Salários de Dirigentes","Índice de Acesso e Qualidade da Mão de Obra Qualificada","V13","Pesquisas pelo Termo Empreendedora","Pesquisas pelo Termo Empreendedorismo","Pesquisas pelo Termo MEI","Índice de Iniciativa","Pesquisas por Sebrae","Pesquisas por Franquia","Pesquisas por SIMPLES Nacional","Pesquisas por Senac","Índice de Instituições","V12.x","Conectividade Via Rodovias","Número de Decolagens por Ano","Distância ao Porto Mais Próximo","Índice de Transporte Interurbano","Acesso à Internet Rápida","Preço Médio do m²","Custo da Energia Elétrica","Taxa de Homicídios","Índice de Condições Urbanas","V12.y","Proporção de Mestres e Doutores em C&T","Proporção de Funcionários em C&T","Média de Investimentos do BNDES e FINEP","Infraestrutura Tecnológica","Contratos de Concessão","Índice de Inputs","Patentes","Tamanho da Indústria Inovadora","Tamanho da Indústria Criativa","Tamanho das Empresas TIC","Índice de Output","V14","Índice de Desenvolvimento Humano","Crescimento Real Médio do PIB","Número de Empresas Exportadoras com Sede na Cidade","Índice de Desenvolvimento Econômico","PIB per capita","Proporção entre Grandes/Médias e Médias/Pequenas Empresas","Compras Públicas","Índice de Clientes Potenciais","V11"
"1","São Paulo","SP",2.06841140162815,8.7534754295133,73537.9997258875,12.0226554350435,12.0226554350435,0.182487569652707,37.6790908189119,0.962139676962165,5.86671501163899,0.0802103444976061,0.0175325714141158,0.0306645083779937,0.820590946632236,5.44039931893776,0.0869920039565885,1,4,8.98387552299073,7.60175630243107,4.9,0.565610739679508,0.764095431084877,566.062000949217,0.0152579030538345,6.805784321184,0.405430860660087,0.168245162583966,11044.569811139,5.27226623830518,6.04663775445011,18.24,29.28,68.4,5.92216936034631,38.76,66.75,53.46,6.5,6.45947111805016,6.20308267492609,16,36387,50,8.652782583,3.675522806,5761.172658,0.594588207,2.428129779,8.773293096,10.0455143,5.46158228718493,0.0731876827809704,32640.9296785918,0,279.232235123082,7.9864694068667,7.7365867075303,0.0110135360798413,0.0207815170625332,0.0249975442525687,7.57259609962921,7.93368186728581,0.805,-0.015277015,0.01309601,6.549874005,61.61528429,1.367010204,804009.5502,7.244310336,7.082457789
"2","Rio de Janeiro","RJ",0.505407918466433,1.15858825265163,45609.4117701841,7.38745067185918,7.38745067185918,0.00303030296848485,34.7362237089388,0.964130652040301,11.0559683313327,0.0680447322993826,0.0116266755375062,0.0189280862878156,0.304264031501384,4.87418639451683,0.0495012873088252,0,44.0000000000007,5.35474801419077,8.29665515913977,4.9,0.556801721640525,0.764038993022793,571.77874734082,0.0112138027747122,6.65691649637658,0.358668211728676,0.292525369392822,8535.62522445507,5.782181124169,6.2623751468363,27,31.36,63,5.98075632881875,22.62,70.31,30.68,34.04,6.42226925853044,6.21446235128525,4,42453,24,6.588110418,3.049845171,4252.999939,0.8022,16.08722879,5.052555871,5.732091893,17.6248241912799,0.0699481561018457,4145.10831320323,1,213.168073136428,7.45643525312364,7.76195499296765,0.00416666666666667,0.0222134317862166,0.0184423347398031,6.93285258645012,7.298127995306,0.799,-0.024804746,0.005924754,5.883595618,52.39145275,1.401563285,810772.7787,6.993479326,6.529152208
"3","Brasília","DF",0.673649860977431,0.0138393251276017,30904.1085658423,6.62140217035562,6.62140217035562,12.3168733706214,25.7542297932075,0.963317648389888,6.13554914964788,0.0442751622957986,0.00462837779277905,0.00811560392939832,0,7.00359423115413,0.0429151498920228,0,0,5.03091816515158,6.11889932755842,4.6,0.496215928575652,0.737778320702456,550.350558242366,0.0117817730663993,5.8444784820243,0.39076450067995,0.339875596352437,6234.38238440073,6.64759394546247,6.29402932144228,67,50.16,80,7.35939106147139,76,83,77,37.23,8.367399492536,7.98314025225298,13,38790,880,7.850897533,3.110341674,1343.337221,0.57487,14.63970333,6.662620813,7.874001585,10.2412339700475,0.0475159325918145,4353.47598565151,1,162.317280961349,6.66306785414105,4.80674378979464,0.00245717872836517,0.0152452694825576,0.0175051564882073,6.01786244956346,6.3699573887459,0.824,-0.00268192,0.001542463,6.2691261,88.42436105,1.346956425,1525630.184,8.136410779,7.451295764
"4","Salvador","BA",0.505333104387137,0.354699019898454,12869.4538107705,6.05995567180888,6.05995567180888,71.6772924659687,53.9731516063554,0.964233987576573,5.48973801550565,0.1063845782264,0.0137459069285758,0.0205937661129911,0.940123570568697,5.29955823531593,0.0355237340636233,1,4,7.47937886931968,6.18784547051684,3.7,0.539140748550343,0.786428264839112,553.644866911427,0.0151019779738016,5.90729024603198,0.279081005095765,0.244428423659217,5490.46806003237,5.802005731719,5.82629486712153,58.32,23.75,64.5,6.28295021810878,55.68,39.68,28.08,20.47,6.13556466729699,6.22270468473812,5,20480,5,8.253402529,2.033387707,2715.690053,0.74949,44.71921882,4.683314431,6.698387211,8.80750058114007,0.0479053467511173,32.0603352532479,1,130.227032053103,6.20039769929647,5.21734638530878,0.00170467753183356,0.0168918046336235,0.0144897590205853,5.910236952376,6.06010909870641,0.759,-0.03754573,0.001704678,4.903923725,21.9990008,1.679414233,570356.4545,6.49970467,5.640200243
"5","Fortaleza","CE",0.513271746079276,0.0119183930572659,14054.6907898266,5.98008835019564,5.98008835019564,11.4892629123177,49.7307120457473,0.959085356789489,5.64570603107743,0.0992800309397145,0.0100970423188295,0.0152776265358885,0.810892292960584,5.37307134775193,0.0293684350976563,1,3,7.78090875059703,6.55910430846336,5.1,0.280999027622718,0.676704210333222,527.880783780589,0.0125584071180372,4.56787886880888,0.12185327907228,0.291926433915212,4173.03305081013,5.65034254578941,4.93532919309906,79,23.76,61.5,6.51514314144413,43.89,37.24,51,23.78,6.32839446466726,6.44887238945312,9,13382,10,7.637920009,2.46389553,3355.099201,0.73145,48.75358392,4.845971573,6.360774606,15.0828494547515,0.0551546863707291,195.389751215597,1,138.790539583628,6.52136982501437,5.33446631732993,0.00455553981966671,0.0154133031204268,0.017278005948166,6.12955300328687,6.35365397680689,0.754,-0.013348899,0.002738045,5.260456757,24.93636067,1.035420576,627390.9901,5.29540807,5.12873202
"6","Belo Horizonte","MG",1.28081790394768,4.68120580687971,37183.2784931922,8.89166083674326,8.89166083674326,3.34709782609755,41.9186853718288,0.940318553996116,6.1610829253831,0.104240103539998,0.0169031164569207,0.0196801900099009,0.756291321049953,4.83768800853437,0.0418381657021422,1,24.0000000000001,6.46031258135943,5.62181570243756,4.7,0.532007896221094,0.680194261818075,601.853085177733,0.0115171665124183,6.56676057245684,0.421037789058094,0.432178521871659,5902.22784814828,7.31185387938459,7.12253339482518,32.76,28.14,50.73,5.72473014534294,33.5,50.4,33.6,11.2,5.85319190476811,5.77539929870405,8,30048,337,5.864834108,3.925975451,4005.256638,0.61805,15.80589726,6.234013541,6.073697751,15.0242074027799,0.0733220958776038,5159.22181055755,1,197.017023270342,7.32624928324617,9.79228486646884,0.00601280649695455,0.0166015930032797,0.0214899265969077,7.02274832889766,7.27623784406605,0.81,-0.020653376,0.005356864,6.055129598,38.4104345,1.503972273,594003.9874,6.714790873,6.464504339
"7","Manaus","AM",0.214687896373288,0,7710.9877654314,5.57779776782418,5.57779776782418,6.20511350777699,26.2446460601155,0.968062215263815,6.01751668886889,0.120657876525217,0.00381570775713444,0.0102499060476513,0.914029446777819,6.09030768148576,0.0183194874820803,1,6,6.4950135599117,6.42147696666793,4.8,0.480586688014639,0.81550831091888,496.053943848903,0.00685797121449678,5.18846551822005,0.165713632204941,0.102099927588704,5868.25719103161,4.38836998065656,4.55208019346404,89,39.2,62.37,7.03946180486223,62,49,60,20.21,6.91902029416469,7.04216875824181,4,10526,60,5.47151671,2.14419104,1547.733014,0.80372,36.30475246,4.806783453,4.716353821,16.1188550450295,0.131201998108473,1335.44645499914,0,118.453507715253,6.28387764136169,3.55647335513107,0.0114151322205013,0.0148568806286927,0.020707852922618,6.41653512599299,6.38054243884448,0.737,0.010587613,0.019044341,6.404177263,37.6201561,1.181203553,1034996.872,6.032479298,6.263441323
"8","Curitiba","PR",0.755065237231201,6.58676583185908,38313.5806135887,9.26366978779183,9.26366978779183,2.95883333382072,17.6797090173313,0.966118696404989,6.62907616115524,0.0842502936233628,0.0111137422179833,0.0181702907186215,0.817562186141542,5.64853828747064,0.0459461445112768,1,19.9999999999998,6.62854099063767,6.6335428258499,5,0.546413502109705,0.655116391556339,571.530892437183,0.0155613082390488,6.5112301886942,0.449212719975301,0.223233041665977,6551.38343177752,6.44740350300562,6.57281489093347,56,37.4,62.32,6.52339788284714,36.98,56.8,53.72,9.3,6.31342855983597,6.44530117230496,9,13739,60,6.590044691,4.132942172,2789.359336,0.55881,14.51322639,6.831111895,7.059570422,19.992929808712,0.0753354076262154,341.667351231392,1,232.766408735614,7.56696285992764,12.058604030009,0.00907341215287325,0.0171255744530421,0.0210927373423937,7.34252334904803,7.58075784644759,0.823,-0.006573469,0.010232138,6.738572192,48.93154595,1.61992605,554522.4827,7.316098734,7.239613176
"9","Recife","PE",0.58367616290876,0.331627729546465,20800.564487299,6.35511916151402,6.35511916151402,11.9643178977601,45.1270771273754,0.96762036567159,5.53367983330189,0.106915492962018,0.0103794117179893,0.0182900843464044,0.722818769013016,4.84739330935618,0.032155655976016,1,24.0000000000001,6.1772779366669,4.99206439479058,4.8,0.530177451917968,0.73510996300212,561.618493765586,0.0434429019012702,7.66251226466168,0.329561151843587,0.256814395201599,5330.13285917496,6.22548178548789,7.12813801067417,47.45,29.4,63.7,6.24270801636959,28.08,45.1,35.51,27.75,6.02525805647503,6.14259301605369,9,30800,7,8.617624814,1.708743499,6278.228402,0.7358,46.29693736,4.425957903,6.778063016,34.8914805046236,0.0517981012206093,3086.42110140138,1,135.879754679208,7.17674290694673,7.94432616225492,0.00530680987638628,0.0157297658012647,0.0219263402078236,6.79653882984474,7.07210701981057,0.772,-0.018450231,0.001874861,5.369100647,32.92634753,1.303298495,531802.1492,6.116864098,5.689874973
"10","Goiânia","GO",0.850186227831005,0.104838862199033,17925.864936045,6.35810552263092,6.35810552263092,9.60632582810133,13.9321303950133,0.845726829601067,9.90173097886115,0.114798797862806,0.0159095143314739,0.0164707587184302,0.829262613611592,4.95777088849092,0.0426481677632902,1,12,6.72471955331077,8.50592521870637,5.4,0.476662838049494,0.653020726158583,570.411793996301,0.00644736081982408,5.9514144464458,0.294612091469145,0.222670490448646,4908.81692919827,6.04501091538042,5.99786403712558,48.97,37.7,77.19,6.74841108504508,40.87,52.26,56.7,25.2,6.66184433610168,6.75044042618033,11,7909,871,6.662466571,3.465832404,1895.993924,0.63689,28.54156462,5.987586122,6.484659195,10.0959864723728,0.0455270620145481,68.2374556124733,0,193.614164221415,5.89108751951372,4.62525488635799,0.00790769383796688,0.0154423832496146,0.0157159198289153,6.04737072094854,5.96656364310188,0.799,-0.010208595,0.003804645,5.967943517,34.01485576,1.086009615,461055.5266,5.713913824,5.808059857
"11","Belém","PA",0.580661046918273,0,12085.1427815616,5.95764917423761,5.95764917423761,48.2636967789874,28.9911626996481,0.980466699447949,5.65498870957305,0.0949895895488403,0.00677787591144306,0.0155423897926632,0,3.44006766325237,0.0224252920451565,1,21,5.92723434949398,3.91812059101645,4.1,0.534132841328413,0.758094736743619,542.607160532498,0.013011341563546,5.77885289769987,0.275566684238271,0.189155107187894,4973.77724032082,5.76064470108741,5.72483479872533,69,56.98,65.86,7.24509096097603,72,37.74,35.2,34,6.76159750623283,7.06782085426683,2,11119,23,5.411160306,1.920423919,1829.891943,0.76597,24.09686542,4.872879814,4.720633355,41.3853045396804,0.0373237041005048,28.7106371598583,1,79.9625593367654,6.69064925530423,6.68583272046533,0.00234004145216287,0.0141739653673865,0.0139065320585679,5.82652055315625,6.28098439860195,0.746,-0.020510237,0.008424149,5.402222508,21.51147953,2.232773302,651435.8598,7.605365656,6.607892753
"12","Porto Alegre","RS",1.14633513826904,0.322557877737266,83609.4937863895,8.71674896508777,8.71674896508777,20.1853216466753,43.1684982508307,0.95993154679274,5.72184864057879,0.0985774299256746,0.0109742455216982,0.0145410059849621,0.738192243013288,5.20928762244167,0.0370373369593197,1,0,6.07924761020884,5.30810524299177,4,0.543913713405239,0.627636970130088,582.977097821048,0.0338727335722629,6.81754236231159,0.429506933744222,0.516276537833424,6400.92419489475,7.5644752158203,7.42333317828609,38.48,32.49,60,6.10744409114652,38.4,46.72,46.61,30.34,6.46032418130334,6.30212701753167,5,18869,6,7.790331926,4.036314178,2388.154335,0.6297,21.70810637,6.231289087,7.507258138,23.4995236583042,0.0656792423053584,2923.88843310046,1,194.532655869588,7.40100713773636,8.12427225574256,0.00751561342225045,0.0173070816132105,0.0236053773684768,7.13351368958677,7.37703477418662,0.805,-0.010650546,0.007065735,6.24344994,55.22936088,1.409395302,642154.1416,7.108109534,6.8154157
"13","Guarulhos","SP",0.162722263553114,0,10479.6138938445,5.63149833570715,5.63149833570715,30.7605172717992,37.6790908189119,0.984135413171998,5.33750746951972,0.0802103444976061,0.0098610471532722,0.00922374850416163,0.589042715872264,5.80874009062546,0.0445668321564659,0,13,5.52362282270373,5.07003363895115,5,0.595847479759728,0.780145021301697,541.710873405299,0.00434155794469939,6.26703651823738,0.275398276312353,0.079967023907667,7253.66258221841,4.6219084781127,5.33610840486075,0,0,0,3.50770773399758,0,0,0,0,3.63016511109672,3.41271210905655,6,83133,64,7.691832097,3.067656728,2552.956275,0.63592,7.902076894,6.393949786,7.5550945,0,0.0892769015973713,1069.1650902285,1,131.906810436337,6.35087416518771,4.80473769484329,0.0302810212861054,0.00960947538968657,0.00888317783116375,5.81627585954734,6.09081456111348,0.763,0.01632466,0.024694117,7.184008964,46.39107307,0.71317188,721672.2434,5.38813491,6.34518281
"14","Campinas","SP",0.437511916687473,0.00406043592313601,32239.2568799014,6.50482478330463,6.50482478330463,50.8328482153318,37.6790908189119,0.986328535848201,5.29425739679139,0.0802103444976061,0.0162373148441872,0.0216721521431622,0.703212117595923,5.29326111241978,0.0589750695853893,1,32,6.90106828565892,5.6424430587557,5.2,0.598980891719745,0.706989523515733,583.557374284854,0.011140926902718,7.01383257797609,0.456942675159236,0.396542291279133,8214.34643862131,6.86732235188837,7.12405141328653,16.53,0,69.35,5.23075127381385,30.78,69.42,46.98,5.2,6.24006648527281,5.7184058005073,10,49496,142,7.571066695,3.848489704,1796.34118,0.67864,13.08004908,6.248778862,7.356820595,34.1270754246712,0.107191130577802,2322.42396756011,1,195.176195406266,8.05410205043691,15.2613213696844,0.00958625714176157,0.0169101575980674,0.0206679703976379,7.61321641532714,7.99249696468561,0.805,-0.00872251,0.012538824,6.612302356,53.85294346,1.050045914,723057.7955,6.331191279,6.56922358
"15","São Luís","MA",0.433592020697719,0,8036.45519529864,5.73225815836106,5.73225815836106,23.6157397783405,26.2735377127573,0.95349213571637,6.31507249869615,0.102109324640978,0.00348573076140417,0.0211058304858579,0.793315848153171,5.61089516153967,0.0266530908767879,1,28,5.98203958996025,5.93568283746566,4.2,0.585572226099093,0.710917361760758,536.9696161869,0.0196761187809052,6.17267632324046,0.26430565247732,0.145825911411946,4463.38563328716,5.76465717257138,5.96255472025183,92,63.18,51.84,7.4196449988991,59.4,35.84,49.28,34.58,6.75310899291437,7.15618944423247,4,4045,12,6.15466534,2.182341756,3264.800767,0.64207,36.20292276,5.220958087,5.534484127,13.7563166760247,0.0534832612496967,6.99494665918024,1,60.7804604154969,5.86213156093909,8.1414935429534,0.00231611454239191,0.0146687254351488,0.0121420550252667,5.85831303105584,5.84811428101718,0.768,-0.007636092,0.002667041,5.525654405,28.76855041,1.564862524,646401.5575,6.50284567,6.017194514
"16","São Gonçalo","RJ",0.154802075996741,0,3853.83914246461,5.41588990383621,5.41588990383621,34.2799183279658,34.7362237089388,0.981921551268757,5.45043074493749,0.0680447322993826,0.00444304100825205,0.00568828739362434,0.653763501437542,7.60412868915999,0.00929319323328038,0,2,6.93684908070716,7.39230260419365,3.6,0.581468871595331,0.452670333120289,541.367517482518,0.0061304404405179,4.48519079415744,0.19625486381323,0.005629045876724,4014.58237597911,5.04247553192657,4.52270000936,27.9,33.04,62,6.01165238703477,19.5,41.87,22.42,29.9,5.65281010529659,5.82145013840856,5,42453,14,7.173157532,1.030252459,1714.994034,0.83802,41.33446593,4.188121052,5.523789055,0,0.0537080205593219,0,0,79.0610599078341,4.78142676374711,1.72811059907834,0.00590437788018433,0.01036866359447,0.00921658986175115,4.82007592843895,4.69686839301254,0.739,-0.023619987,0.003888249,4.981637276,16.7081377,1.372796682,688472.6724,5.693568112,5.200731934
"17","Maceió","AL",0.47951309196522,0,10020.8893812215,5.82550580967253,5.82550580967253,0.780844919803325,35.1570776279,0.968890530819751,5.72066653872082,0.0988375769396495,0.00745328683957337,0.013918128757318,0.65197337816051,5.13427186733425,0.0191480833725479,1,13,6.00074067158934,5.19994265948729,4.2,0.49792003697712,0.589297533995705,547.77766864544,0.0149297001056787,5.2797500831312,0.284723827131962,0.140383080606544,4496.43363493649,5.8509292389956,5.48055254724129,67.89,62.25,71,7.46304641851022,54,49,53.68,46,7.18966269171835,7.41158837283079,4,6969,12,6.227891177,1.665364479,3391.702463,0.75049,41.97375526,4.485227692,5.040541207,14.0343670842747,0.0410565891497095,0,0,106.045046895324,5.29565909057276,8.55754090504553,0.00342301636201821,0.0145820497021976,0.0143766687204765,6.10617285802261,5.67500830977129,0.721,-0.020947539,0.001574588,4.639496116,22.69478197,0.945122395,537343.3714,5.034223622,4.596520919
"18","Duque de Caxias","RJ",0.124516840827928,0,5963.34899709398,5.46293527880429,5.46293527880429,21.4244095626791,34.7362237089388,0.941882101812948,6.27553137808089,0.0680447322993826,0.00279977336861781,0.00832299171196168,0.52295349386926,7.01411670098507,0.0187328235650126,0,0,4.32403158993485,5.72990232847534,3.8,0.530551755585955,0.673848183667465,530.931734870317,0.0211945652097152,5.54310035689989,0.157774737802098,0.080941704035874,4864.30783597018,4.63686569316934,4.9124703653215,30.15,32.48,62,6.03074004324537,22.23,46.61,25.96,36.8,5.9763011749116,6.00374684945387,9,42453,34,7.470761055,1.93189083,1148.032774,0.817278973,36.68840356,4.87455175,6.257454553,5.71646341463415,0.0538804567758229,2183.82901422764,0,123.729674796748,5.38454788785569,6.09756097560976,0.0186737804878049,0.0102896341463415,0.0101626016260163,5.71632719219828,5.51149492726358,0.711,-0.022867903,0.008384146,4.902303938,48.77337648,1.03167517,1297787.506,6.117185307,5.408443447
"19","Campo Grande","MS",0.607902404789198,0.024337520365928,9790.65045016326,5.91143967732236,5.91143967732236,5.64280552182568,27.4302344808505,0.967878235400288,5.97073379772092,0.119046032355113,0.0180536003526245,0.0144085155663792,0.584300072515848,4.31060785625068,0.0254592096593587,1,14.9999999999999,6.12596813592394,4.88646316879905,4.9,0.538326300984529,0.728666614804042,551.848940972222,0.0118420300367609,6.22045391586741,0.348101265822785,0.117653514789003,4633.67532193674,6.07869319772108,6.17875015527506,64,21.12,73.04,6.48560695826282,48.8,37.96,42.09,25.56,6.31551407695236,6.426301223221,6,3959,759,5.527630389,3.029363505,827.3462826,0.81256,17.68557021,5.820318527,5.513850867,11.429839649337,0.0442126117224796,17.013760195306,0,114.353881151862,5.30992231017956,6.3807357265716,0.0043278033623703,0.0175886367419409,0.0148698884758364,6.18606693714059,5.72616507012998,0.784,0.00536827,0.003717472,5.994996459,33.00749235,1.451433035,768506.0633,6.420214402,6.250502817
"20","Natal","RN",0.501078194365408,0,9844.8765517872,5.83411509797422,5.83411509797422,8.54748355495141,28.9875786961797,0.955739531801408,6.15939604733448,0.0957251441070231,0.00986514317774473,0.0166107307240841,0.533752982362588,4.66447440110774,0.0259403500704075,0,13,4.97914211592231,4.46396592900173,3.4,0.526682986536108,0.662130945680162,576.239093227543,0.0211184247989614,5.85451514153687,0.31297429620563,0.283192045382115,3650.03975394251,7.1743953298063,6.61480755843004,57.96,51.46,60.83,6.84956991941096,69,42.77,44.2,41,7.08304899968924,7.02840616213648,4,4193,7,6.913240053,2.895833426,1745.921848,0.67223,34.23634003,5.583135783,6.370082481,26.2160651052991,0.0439286139268705,5295.54008076039,0,105.547617568491,5.89567588555236,6.08809094862397,0.00198794806485681,0.0152823507485867,0.0172702988134435,6.10813958439256,6.00207298939404,0.763,-0.009464414,0.002733429,5.436631232,27.71861855,1.843009015,564886.4365,7.030602637,6.281889062
"21","Teresina","PI",0.538660249512581,0,8465.49042388816,5.81505815287637,5.81505815287637,74.2996276711931,24.4562119419154,0.970382598661986,6.0540215234675,0.107996161652214,0.0050501387336861,0.0137798644109026,0.631318065211311,5.08273076431445,0.0157931035659715,1,14,5.87092492222855,5.30621286670624,5.6,0.499358504398827,0.800962080211617,568.266462124418,0.0211256446674759,7.25282484783014,0.296096041055718,0.191104658835951,3646.37400363416,6.69569631895927,7.16430493659881,85,46.41,54,6.97202019799056,55.04,48.95,30.78,47,6.85541153476108,6.9724328144943,6,3036,332,5.526005276,2.501982492,2638.079035,0.62804,40.40747263,5.463047359,5.246268893,18.189630478373,0.0425090781649885,12.4048983099398,0,78.9888284159267,5.22466308542829,3.50902320252077,0.00365224863935835,0.0123173875680321,0.0137496419364079,5.42053317278876,5.26391930004234,0.751,-0.005301351,0.000358064,5.192017731,25.27493727,1.231824197,709659.3736,5.705640937,5.334941268
"22","São Bernardo do Campo","SP",0.389110728051725,0,18825.6718713598,6.04557096042171,6.04557096042171,15.2609259300156,37.6790908189119,0.98110039630422,5.3979203533582,0.0802103444976061,0.00981695763417941,0.01157208965904,0.877043422571346,6.33034896676745,0.0316465837173623,1,7.99999999999999,6.64385570482071,6.26017295671214,5.6,0.636631944444444,0.758443069120857,575.631967611336,0.0119085445988542,7.51692023968095,0.392361111111111,0.362077815419361,9773.76244822427,6.11364515300673,6.97431599333435,18.81,30.5,69.35,5.9793310960505,31.92,63.19,44.55,7.15,6.14890153742138,6.06823654117537,8,36387,31,7.147333229,3.139212401,3077.512386,0.59449,7.765857056,6.622811275,7.319765027,4.60794681976129,0.143415554274059,1357.35626303067,0,168.001208641789,6.42806263312497,6.26982927934733,0.0233418945460039,0.012615198670494,0.0186584076144433,6.73203727773323,6.63029583405308,0.805,0.005237705,0.02039583,7.307575297,60.08764593,1.212891877,1034483.72,6.878491739,7.318886381
"23","João Pessoa","PB",0.560353819917135,0,10371.5234912739,5.88986498334466,5.88986498334466,13.6816035712903,62.2716803128018,0.93710867355511,5.98648523435763,0.110259918407084,0.00565663019841611,0.0139737736445289,0.749900139833852,5.2830519435328,0.0228296308581116,1,44.9999999999995,5.79232351410493,5.34409550229355,4.2,0.522836015658982,0.667098750832359,562.776080121704,0.0168180854013815,5.92652127095435,0.324380165289256,0.231046654389196,3784.44005051112,6.92523113451409,6.50894983711203,65,52.65,72,7.21773874544205,52.8,36.21,48.1,18.81,6.31683899409525,6.81659616803939,3,4193,22,5.470388004,3.153760735,3755.256993,0.59692,35.48091781,5.823196964,5.473318788,22.337559950069,0.0452037800353306,29.3039879114381,0,109.848235989751,5.60810136993704,17.8700479600552,0.00197096117206491,0.0143880165560738,0.0144537152618093,6.93475168100275,6.29493840427696,0.763,-0.016826375,0.001182577,5.231173821,25.24445505,1.37668745,467387.8688,5.998470733,5.535233234
"24","Nova Iguaçu","RJ",0.168541661528577,0,4931.00866016952,5.45914026097378,5.45914026097378,21.9117431200057,34.7362237089388,0.98253613453101,5.43855589155259,0.0680447322993826,0.00561423904974628,0.00747904058851624,0.790530483450052,7.35597685117143,0.007812558399215,1,5,6.38046336315973,6.82150403896402,3.8,0.555830706888789,0.744307426843217,533.528108733372,0.0166690185818055,5.7247080218112,0.205763169743359,0.102029720913374,3544.28455052935,5.85736307183686,5.75027385018626,23.85,35.84,66,6.10508188722147,22.23,53.72,22.42,38.18,6.07143949478459,6.09393247432784,7,42453,42,6.98448874,1.989872642,2251.872005,0.8022,30.8945611,4.611632926,5.698880798,0,0.0342340159134052,0,0,109.831150386618,4.84947102364483,1.42023039293041,0.00741675871863658,0.0129398769133659,0.00994161275051286,5.08387231310383,4.87716129182206,0.713,-0.025104383,0.002051444,4.501865004,21.11089815,0.976548594,941181.1011,5.04287029,4.518702707
"25","São José dos Campos","SP",0.195557720358011,0.112195602394575,13135.2571347195,5.77761469791409,5.77761469791409,2.32098053772847,37.6790908189119,0.972757275485801,5.57028453272777,0.0802103444976061,0.00708648187596139,0.00884173891815439,0.793926543915272,6.52507659351306,0.0311104156984971,1,10,6.48374506948303,6.40488481314448,5.7,0.603067907618063,0.686787022422533,589.979246190858,0.0124798420470193,7.39136390297595,0.423129955187866,0.29458495460441,7255.77670480302,6.41598800992494,7.07995170400385,23.37,32.94,68.4,6.08156929575405,32.49,63.19,44.55,5.85,6.13293886924808,6.11414641372728,7,11,104,5.741605147,3.903950848,2155.607293,0.63592,8.273317872,6.735023032,6.355359238,29.5296523517382,0.141070089776719,2069.0039803681,1,171.370143149284,8.01665338846669,10.961145194274,0.010961145194274,0.016359918200409,0.0197137014314928,7.13341543007871,7.71146918875365,0.807,-0.03658051,0.013742331,6.300984582,58.94043211,1.005227473,839109.3776,6.417278227,6.433338512
"26","Santo André","SP",0.211467929169701,0,17702.5396476532,5.8929479289223,5.8929479289223,5.00891368570516,37.6790908189119,0.976991400054649,5.4817259568053,0.0802103444976061,0.0113884296335326,0.0177422954429439,0.751409800067652,5.61431073857671,0.0367365520816281,1,4,7.51483140451067,6.42709129742918,5.2,0.643803724928367,0.83631497245129,565.495967078189,0.0133080868006282,7.50228573819504,0.419591690544413,0.233013698630137,6154.56913558769,6.41140520953257,7.14349274492871,18.81,29.89,65.55,5.8835747681571,34.2,72.98,49.41,6.5,6.42599022062552,6.16472908285198,3,36387,30,6.122904854,4.011396775,4317.442109,0.59449,7.874135399,6.861408367,6.733873512,12.3142925240327,0.0765977553844968,0,1,145.626439977755,6.66825375674479,6.67355207754032,0.0175577977278144,0.0128704218638278,0.0154921744657186,6.34869488601737,6.55252007777912,0.815,-0.01157981,0.011599269,6.643714291,41.91122672,1.485278926,732180.7523,6.798672046,6.870212882
"27","Ribeirão Preto","SP",0.674651789602469,0.00906055101588731,26065.4636627988,6.46670526071322,6.46670526071322,18.3625753576602,37.6790908189119,0.978144811691172,5.45642194476181,0.0802103444976061,0.0121697235961124,0.0108290097468451,0.758967589958431,6.02434174090726,0.0428110987858253,1,13,6.69244699043548,6.12110105667504,4.8,0.600265856437524,0.687553955620704,584.620825285338,0.00852062189265788,6.63820002306032,0.429927838966958,0.127820152549177,5372.35849457436,6.3032300760779,6.56253518338495,17.1,26.23,66.5,5.79352753527946,31.35,57.85,53.46,5.85,6.16376771585813,5.97727548537969,7,3320,344,5.739397945,4.134464447,2074.39534,0.67864,9.859522632,6.476119859,6.160683413,10.6844388024966,0.0640311888014822,681.429330900243,1,168.623717338411,6.71587510913284,5.23643287845129,0.0136993547022109,0.0180894953982863,0.0165026975563313,6.54677095013681,6.68601035444651,0.8,0.002395909,0.008357135,6.450889445,49.09657194,0.951993763,492108.8588,5.966777305,6.251984491
"28","Jaboatão dos Guararapes","PE",0.130227211749974,0,2977.57112029578,5.37188503969313,5.37188503969313,31.9361314065693,45.1270771273754,0.927988207456412,6.37375155669125,0.106915492962018,0.00913372618742322,0.00848216794750488,0.65601462406854,5.42167991913674,0.0207745434081956,1,6.99999999999999,6.42921898093984,6.15706542061352,4.5,0.50131717597471,0.553690193212355,514.196426207809,0.00640739798628788,4.53925994821294,0.141991570073762,0.011643379906853,5262.12366650414,4.08542517013635,3.98313929237082,54.02,34.3,70,6.58685842174266,23.92,35.2,22.11,21.09,5.4316286988117,6.00983756730847,9,30800,18,7.510484576,0.708806039,3165.385261,0.7358,39.08172016,4.21024645,5.791785685,0,0.0595607851727834,0,0,81.8784916201117,4.85342365237039,2.2695530726257,0.0127444134078212,0.00733240223463687,0.00872905027932961,4.83311810849507,4.74307111246688,0.717,-0.040422135,0.005935754,4.56938106,19.49972446,0.82852552,769328.1313,4.686510902,4.344439279
"29","Uberlândia","MG",0.52414607584484,0.0745599275244048,12924.6446163796,5.97379296451254,5.97379296451254,5.13509975968011,41.9186853718288,0.953653256570479,5.87611756867425,0.104240103539998,0.00296159980783226,0.00946352547754786,0.807822210212814,6.41219487801709,0.0207904194628033,1,9,6.24627021179599,6.37375597323972,4.8,0.527275886031967,0.636251694756448,572.527870689655,0.00669345257989656,5.86688186204982,0.353717859624739,0.444194463464736,5271.37675451935,7.16537617529855,6.61680783827913,32.76,29.48,43.61,5.60359453150841,20.5,49.7,31.2,8.12,5.51991400364208,5.53359184544724,5,3771,588,5.320168475,4.122172893,2318.749739,0.61805,5.943982213,7.238758032,6.416718327,18.9310932554176,0.0698086947029446,113.515949598247,1,143.291940589238,6.79289621133126,6.08716824933041,0.00852203554906258,0.0157657657657658,0.0168005843681519,6.31613058160289,6.60254721244012,NA,NA,NA,NA,NA,NA,NA,NA,NA
"30","Osasco","SP",6.22492866237917,0,31109.5305704933,10.2779085082901,10.2779085082901,20.8876508080403,37.6790908189119,0.986737935409764,5.2866915312018,0.0802103444976061,0.0047122136215323,0.0144420613920892,0.746701843720086,6.11234347937823,0.0618241714075995,1,42,6.9413645251206,6.23799193209174,4.8,0.614533965244866,0.903280876805368,552.575805529075,0.00891359036491086,6.97538277178695,0.349723538704581,0.170707070707071,8294.51126230457,5.26511538262602,6.14370548968031,17.67,29.89,60.8,5.76544623070628,33.06,64.97,0,6.5,5.46543211833438,5.59072663655418,3,36387,70,5.881346984,3.555954424,3993.534649,0.59449,11.83300353,6.391811972,6.203658874,0,0.0794229024151892,15360.1092274434,0,226.191830697463,6.76151657714168,6.82671521219706,0.0125156445556946,0.011605415860735,0.0147912162930936,6.05290037113516,6.44248224215566,0.776,-0.025716685,0.01365343,6.046694824,116.7954601,0.921483833,1116026.863,8.260368834,7.391885422
"31","Sorocaba","SP",0.286205002738359,0.100473648360419,13802.7215961388,5.85429409302311,5.85429409302311,45.4227829093611,37.6790908189119,0.988245384722883,5.25682781567025,0.0802103444976061,0.0058674206629391,0.0135611801072711,0.695932168411639,5.90499424342391,0.0264669624011958,1,0,5.7702593115188,5.25335968099526,5.5,0.611152835148329,0.760568906854893,563.510457220462,0.0184563793377577,7.46753105982049,0.366128426586557,0.256201044386423,7624.70546163355,5.83262792211932,6.77688738867028,17.67,28.67,69.35,5.92004496541804,33.06,56.96,46.98,6.5,6.08510367570968,6.00273975081691,7,49496,130,6.95647172,3.85770888,1626.861248,0.620400308,10.49864237,6.748658298,7.271292235,10.9239872553482,0.128280756493608,7145.39343878015,1,172.204521316947,7.56943755520282,6.59990896677287,0.0199514489455318,0.0144135942952511,0.0130480958883326,6.33486694816614,7.03463088308838,0.798,0.01443841,0.0192687,7.28125377,53.61990025,1.043646042,709747.287,6.310099168,6.960086623
"32","Contagem","MG",0.152287775107009,0,10804.4545662307,5.63494325253175,5.63494325253175,22.0147667216061,41.9186853718288,0.954920639678163,5.8472277871301,0.104240103539998,0.0145174492477082,0.00713681765220053,0.874779180818478,6.1911761039322,0.0565518319977699,1,10,7.22743678024986,6.88501844300643,4.7,0.551621621621622,0.542394514197454,567.334624396968,0.00705204567142488,5.59535647334459,0.247567567567568,0.171046344959388,5323.03458994956,5.36878867856997,5.38104295001686,30.68,30.15,59.63,5.93284956298528,26.5,43.4,35.2,14.56,5.70300398564679,5.80622643667316,3,30048,340,4.826437359,2.4156495,2950.76033,0.61805,13.20770677,5.826370819,4.995575419,0,0.0897400279211263,0,0,112.223934257833,5.34586867113615,5.9065228556754,0.0263653483992467,0.00736175312446499,0.00898818695428865,5.64018526728814,5.44911125965614,0.756,-0.004945771,0.009159391,5.810594111,45.17501695,1.21536584,547784.2542,6.364646658,6.105725332
"33","Aracaju","SE",0.663353086942786,0,15992.677840485,6.13617251968996,6.13617251968996,18.5983008099002,9.94974355582104,0.947996930104327,8.35644837807077,0.0950168180982753,0.0151137603501427,0.0190924982994055,0.791888331186306,5.17923607417532,0.0425249488444603,0,0,5.01951198865609,6.3881681959078,3.7,0.531431054461182,0.700568455659707,563.563378422963,0.0114069045251995,5.56979863277986,0.307068366164542,0.057093248902053,3829.69897054535,6.0714713069184,5.78564709111992,85,36.26,69,7.05523786996792,58,54,45.56,41.16,7.11876740538736,7.15685529081622,3,3461,216,4.934323567,2.662583592,2902.416252,0.67799,49.8056835,5.199087097,4.608328688,2.38251725271114,0.044506784822074,10.0134735458429,0,85.9349326322708,4.82595511167242,6.57246138678935,0.00238251725271114,0.0200460072297075,0.0150345054222806,6.33262554689475,5.54284704219616,0.77,-0.032366621,0.00057509,5.055754092,26.06920611,1.788872363,553541.8839,6.863384254,5.951214975
"34","Feira de Santana","BA",0.378887285993007,0,6417.88156037346,5.6448448588734,5.6448448588734,39.9376481216124,53.9731516063554,0.96569867678753,5.45994570144283,0.1063845782264,0.00696284002857964,0.00862902336980781,0.821836730252909,5.95227673832046,0.0188540511854148,1,6,6.51063967877121,5.94606868834397,3.6,0.534677723332077,0.752029539721709,547.655588235294,0.012296452328523,5.52137815219811,0.211081794195251,0.309677419354839,3711.98733758701,6.60134100452321,6.07332869789724,81,25.65,54,6.42742472058809,45.82,35.84,36.72,11.5,5.86292157337546,6.1545022223029,5,20480,91,5.856405203,1.214029005,1179.338875,0.74949,82.51790158,4.714894395,4.934805142,8.08678500986193,0.0616366238564502,0,0,104.635108481262,5.28562734853921,1.38067061143984,0.00877712031558185,0.01232741617357,0.0135108481262327,5.36551978214929,5.26715247857518,0.712,-0.009037484,0.001775148,4.709422037,23.87121439,0.944196429,472604.1213,5.073277397,4.662269972
"35","Cuiabá","MT",0.727001927785713,0,18844.9413403163,6.2686489755791,6.2686489755791,9.00870843684552,25.3747835399693,0.943516912611848,6.56898314295418,0.195900196611692,0.011082394926632,0.0170972145164056,0.520820696320253,3.3829790524377,0.0298936581233095,1,5,7.02592785445436,5.28538703395525,4.3,0.557396449704142,0.807551809003686,553.76895352962,0.00895080211209046,6.12808676645326,0.414201183431953,0.180366369187412,4807.11381795318,6.66010924248624,6.47097281767168,68,36.96,61.32,6.6635448405838,52.92,48,61,18.92,6.73757798380266,6.74558068963745,5,8574,1142,5.429987403,3.361573024,844.7017363,0.82512,19.40302816,5.847122852,5.461035751,12.5315037804537,0.046567329547769,11507.5264736768,0,148.767852142257,6.09880458680323,2.73032763931672,0.0039904788574629,0.0168720246429572,0.0183422010641277,6.05518224558794,6.0836628449384,0.785,-0.017847812,0.001610193,5.533357348,39.48571232,1.036210526,693478.2055,5.803235066,5.59975645
"36","Joinville","SC",0.262084737997731,0.0616005359561905,15514.9033004359,5.87886354907312,5.87886354907312,70.8661253904897,11.3156260932368,0.959576390053232,7.73923367451089,0.0898794082427194,0.00606171634581464,0.00914755200391878,0.672978039291889,5.92952228490367,0.0298944008232099,1,3,7.79628353734791,8.42259861756668,5.8,0.584625609215773,0.700253518570826,569.471470761961,0.0183841261684268,7.38563395501076,0.330970314576872,0.388975289441852,6390.61037081822,6.43518998938638,7.08800168213314,46.8,31.86,77.22,6.58088705032683,37.13,48.36,40.28,9.3,5.94971086878286,6.2823475255449,3,1092,31,5.225374574,3.8124384,1867.422061,0.53224,12.23731123,7.156291163,6.284558176,7.65076507650765,0.154121686564535,15689.9561228623,1,143.489348934893,7.82600342574968,12.9012901290129,0.0191269126912691,0.0138763876387639,0.0218271827182718,7.57021860373353,7.84520710385971,0.809,0.053457439,0.017926793,7.921052219,57.09965636,1.509933263,564273.6252,7.377149588,7.989853638
"37","Aparecida de Goiânia","GO",0.177572263908208,0,2526.28838037764,5.38872686014475,5.38872686014475,22.4124679734355,13.9321303950133,0.898193752271193,8.58486027885981,0.114798797862806,0.0113306936930867,0.00750297859831177,0.871559438387734,5.96483478025792,0.0268573343537389,1,0,5.78167048382961,7.62998515505061,4.7,0.416732128829537,0.629926771174987,522.59521023766,0.00359495049489999,4.43612084013824,0.128633150039277,0.137704918032787,4268.9845851272,5.00197441857514,4.4691783757778,59,41.6,80.51,7.05479049182511,34.77,34.32,36,25.56,5.91398143438388,6.51551343556236,3,7909,853,5.001870286,2.498361702,1575.715014,0.63689,31.56964263,5.687051422,5.022500551,0,0.0760195816017468,0,0,150.536097212294,5.52125709881496,1.28663330950679,0.0245889921372409,0.00986418870621873,0.0125804145818442,5.61361110189195,5.52996378682773,0.718,0.014556157,0.006719085,5.445529473,23.87793847,0.926512751,627006.0963,5.037635706,5.084871253
"38","Londrina","PR",0.588512181137677,0.507005090729436,15313.3747361716,6.24685630212811,6.24685630212811,21.5967778809431,17.6797090173313,0.975907820520367,6.42662691658614,0.0842502936233628,0.0193445353253963,0.0139563229163103,0.757542584689249,5.56364756175965,0.0540116214399139,1,5,7.73093299992851,7.20339028207579,5.3,0.499614494988435,0.678653097445409,567.228186480186,0.0105775023450724,6.2334093941867,0.410370084811103,0.110959836623553,5082.51886820297,6.22896406687332,6.27628322054694,45.36,41.25,53.3,6.26803646949317,30.53,50.4,40.29,8.99,5.86733714347827,6.07203647671799,6,2500,325,5.513404938,4.024804173,1642.710096,0.55881,19.97004493,6.870579916,6.286287238,16.0849386483565,0.0661934249185386,230.104077182275,1,124.419861402505,6.53749300476544,7.69279674486617,0.0134782885116663,0.0150677093267213,0.0170385911373895,6.5967659886056,6.61625616170433,0.778,-0.000550632,0.00642126,5.996161713,37.1852325,0.998944654,481440.0949,5.647590185,5.785070283
"39","Juiz de Fora","MG",0.404454938342498,0.0161965733346078,12676.3397491394,5.8662076504912,5.8662076504912,41.1450619226001,41.9186853718288,0.959742689582027,5.74664865120355,0.104240103539998,0.0110717946324751,0.0108928410024645,0.781673647691085,5.45986702200596,0.0268947382136838,0,34.0000000000003,4.73254351443823,4.5590835638219,4.2,0.502449888641425,0.611480072753647,591.839359504132,0.00473973892599704,5.49792843021447,0.377728285077951,0.492183960126869,4334.68936820863,7.95868493329125,6.87037398348611,32.24,30.82,48.06,5.72296685832987,27,49.7,24,9.52,5.54160546008096,5.6086562373589,3,42453,131,5.94889718,3.950650354,1240.731597,0.61805,12.81314282,6.838904069,6.58736026,13.18391562294,0.0679096697134412,0,1,93.358602504944,6.21873577507322,3.955174686882,0.00502636783124588,0.0149143045484509,0.0148319050758075,5.7818640342715,6.00032588342406,0.778,0.032108561,0.002801582,6.254785217,32.37130583,1.34214876,495704.7349,6.17636942,6.260121931
"40","Porto Velho","RO",0.386478185717926,0,8271.19912852126,5.70869263096126,5.70869263096126,10.8653420810754,30.1510028073458,0.942415276856978,6.39979797996937,0.139378819423097,0.00207944365196854,0.00891147559043303,0.537759327170871,5.64465026210313,0.00941697896973771,1,21,5.54698135998076,5.71434608980093,4.4,0.486852281515855,0.622368760333822,516.783202579258,0.00709541783282597,4.68556531987885,0.261794276875483,0.125189845953569,4343.2822394082,5.73229090098191,5.05461749974411,82,72.09,44.85,7.33572884566317,58.08,55.3,47.52,26.4,6.88336544897924,7.18084854930154,3,2385,54,5.083513207,2.617598624,1510.454208,0.54603,31.1502645,6.340654835,5.570677491,5.00202784912802,0.271377794265833,0,0,77.8694065161552,6.7954702021881,10.004055698256,0.00310936866297147,0.0120319048262809,0.00986886575638772,5.687574810975,6.26244399866524,0.736,0.014172877,0.006083547,5.638201997,32.62957417,1.547876283,709606.2001,6.602723878,6.145354122
"41","Ananindeua","PA",0.260956945670425,0,2450.40998501138,5.44121755092714,5.44121755092714,37.4120513466239,28.9911626996481,0.970424714943867,5.85616501946252,0.0949895895488403,0.00272888726265778,0.00885494616524414,0.867804405774276,6.94782305124085,0.00934352230416891,0,0,4.04956787944631,5.19845826494043,4.3,0.52021375464684,0.700025024918363,522.107707979627,0.00643282775784888,5.08140448742944,0.177973977695167,0.03186022610483,4041.36266361556,5.01854539950574,4.86465809859711,75,66.99,74,7.74045450866508,72,37,36.8,32.3,6.74091171914902,7.32041153792984,2,11119,18,5.564321999,1.066862197,1784.451941,0.76597,43.85559113,4.421595498,4.498362342,7.50750750750751,0.0446746485085143,0,0,69.3693693693694,4.85213069328634,1.8018018018018,0.00930930930930931,0.00660660660660661,0.0132132132132132,4.98459118692672,4.82466572573804,0.718,0.012633893,0.008708709,5.540768797,15.1103662,0.840368609,757178.6094,4.557815896,4.852848192
"42","Serra","ES",0.120251517740311,0,4580.50296312166,5.41621633171999,5.41621633171999,7.51722299077304,19.2012245013343,0.965671140035772,6.4967606937653,0.112136258653015,0.00329904444854296,0.00902681723538294,0.917794775813165,6.51101212156943,0.0230316501294227,1,0,5.66983985254055,6.47375607521188,4.5,0.504493708807669,0.546287633705121,535.087725856698,0.0153679406055399,5.20013956816225,0.18573996405033,0.448818897637795,5430.6063986698,6.08237382249314,5.57127835435326,42.34,44.46,73.15,6.72552712258861,34.16,50.4,53.07,26.4,6.47978311642784,6.64138277072638,4,9029,18,5.927207937,2.367455032,1732.735725,0.61051,38.00545863,5.698144519,5.720674371,1.75202156334232,0.104345150050133,202.194851752022,0,157.008086253369,5.87510727297986,4.85175202156334,0.0110512129380054,0.00849056603773585,0.0128032345013477,5.43360929361722,5.62441763494194,0.739,0.075000193,0.01509434,7.138959614,48.18725886,1.075428617,610436.0507,6.185556683,6.799100154
"43","Caxias do Sul","RS",0.293160483831474,0,15548.6094008967,5.87833839730206,5.87833839730206,25.5270531183148,43.1684982508307,0.963039123446199,5.65763906685068,0.0985774299256746,0.00575268729732731,0.00834337193724712,0.865514469772309,6.36887948192039,0.0191228074289308,1,0,5.55557837114927,5.70782110131103,4.7,0.543494423791822,0.593271613837006,573.471431334623,0.0113098241429552,5.97809434968434,0.284386617100372,0.308922405960385,5677.83591839636,6.03331005823211,6.00681450561709,52,35.34,74,6.66805671510754,48,40.15,42.66,15.99,6.16076169645825,6.44103985184171,3,426,100,4.926423852,3.623179357,784.0684442,0.64309,20.81280694,6.764316047,5.769425228,4.24108963379822,0.183787378998553,2126.96412609086,0,135.225511785336,6.54538261839777,18.106190359677,0.0553788434874806,0.0123970312372563,0.0189217845200228,8.89307352302524,7.86815339026266,0.782,0.048098049,0.029606068,8.21106076,51.58057039,0.799718933,610449.9083,5.744277996,7.179684617
"44","Macapá","AP",0.411234492168769,0.00233625373017658,3747.04123425167,5.58216915434791,5.58216915434791,19.8884469981734,30.7271254524238,0.947918288351756,6.26259643823746,0.0731713985077105,0.00116644138440123,0.00615484736729371,0.393516111979026,8.38420450082867,0.00532632648223563,1,15.9999999999999,5.51338007274149,7.51030068713173,3.8,0.521683673469388,0.565689729071733,512.002636363636,0.00727000938224475,4.30376851025605,0.324744897959184,0.070241392956074,3343.83381669805,6.64949003071953,5.37453784497868,93,100,45.08,8.15336184455181,100,64,55,65,8.63330482865447,8.54713304012909,3,1724,87,4.977879511,1.911679177,1810.677409,0.53981,41.54247,5.962764672,5.210177049,7.28763379640173,0.0261627687736155,255.355727624687,0,40.7652015486222,4.47748682089003,5.92120245957641,0.00136643133682532,0.0138920519243908,0.0109314506946026,5.46390250282785,4.88153277053703,0.733,0.015712367,0.004327033,5.512143617,21.89063418,1.031084762,791406.2268,5.180640013,5.211337146
"45","Niterói","RJ",0.131064655486662,0,24609.2455061211,6.05932521020961,6.05932521020961,16.2587396081751,34.7362237089388,0.974714390738193,5.59441314349287,0.0680447322993826,0.0102137112202357,0.00780423270915186,0.939270134582893,7.45466571551027,0.028010273213825,1,4,7.25974885786761,7.61422772823133,3.8,0.561766623207301,0.938077898136651,586.142415565345,0.00995289764986341,6.74370444083255,0.447359843546284,0.346489283074649,5412.62106786787,7.29158792624538,7.2161535582984,32.4,38.64,66,6.29328850021327,23.4,65.57,33.04,26.68,6.24498017250389,6.28642937023771,5,42453,7,8.078999545,4.381449222,3777.303337,0.83802,15.66788721,5.48106459,7.163135596,27.5563846023402,0.0558641175052425,9.34704086823809,0,144.81939969476,6.12191349098744,6.44395455316262,0.0020349330167882,0.0156011531287095,0.01551636425301,6.02600914745894,6.08036809752526,0.837,0.20872437,0.003645922,9.702631591,90.04818939,0.900201632,930973.0466,7.286558745,9.010051877
"46","Florianópolis","SC",0.721654611354132,1.98551689438978,23997.9622921684,7.13965532094316,7.13965532094316,15.1289762346769,11.3156260932368,0.942018662804454,8.11012273052882,0.0898794082427194,0.018472938440067,0.0188757523971678,0.72607378408558,5.10960256432407,0.0505543925585917,1,6,7.43728939160124,7.8576642812506,4.5,0.532442748091603,0.81897569883439,593.739414634146,0.0432193896865339,8.17661496739568,0.502290076335878,0.720747810171264,5798.12129996304,9.03039424221182,9.11135779841218,60,34.22,82.17,6.93146292108121,47,52.26,34.2,15.5,6.21034828910151,6.60759297807927,7,8633,70,6.016754334,5.42114984,3512.080298,0.53224,13.55212923,7.493301658,7.125851071,43.5002529084471,0.0585095806437533,6123.27457005564,1,254.489124936773,8.5236205021003,10.9382903388973,0.00233940313606474,0.0182094081942337,0.0295270612038442,7.77313000403922,8.3344747453534,0.847,0.002163729,0.005943349,6.918460375,42.5225701,1.722377316,433724.7415,7.300954701,7.339005743
"47","Belford Roxo","RJ",0.0922953961016961,0,1703.0428053777,5.30643972032167,5.30643972032167,31.788361704766,34.7362237089388,0.986092461782278,5.36839755538351,0.0680447322993826,0.00308917747116979,0.00460987524023968,0.670009208799007,8.40149712418869,0.00653376757507271,0,22.9999999999997,4.21863028978228,5.99197717849844,3.8,0.477310924369748,0.456288971870268,491.09637254902,0.00341406520570427,3.29588799825434,0.0815126050420168,0,4078.01211120064,4.26589385497238,3.34801993118456,0,34.72,60,5.60854300806162,20.67,50.56,19.47,31.28,5.80524335795261,5.68805763642215,5,42453,30,6.690041792,1.302352889,624.9522018,0.8022,27.56002554,5.389591505,6.059372124,0,0.0254634537017407,0,0,84.8585690515807,4.58258374565713,1.10926234054354,0.00665557404326123,0.00998336106489185,0.00887409872434831,4.73027416213058,4.54004430965162,0.684,-0.046098339,0.004437049,3.956047147,15.6532056,0.787379973,1550614.322,4.469202885,3.843300791
"48","Campos dos Goytacazes","RJ",0.111218840733664,0,8734.88647858807,5.54218689902614,5.54218689902614,11.1653119651804,34.7362237089388,0.958902536564438,5.91717141373108,0.0680447322993826,0.0037335730368265,0.00358893060059843,0.254687499726834,7.82587041658966,0.010598898486629,0,12,4.56772318810714,6.21727282033434,3.6,0.532743362831858,0.646750824239806,556.055011235955,0.0179211072500386,5.54428366686931,0.264896755162242,0.233340168136149,3508.85705801861,6.79272500533972,6.20137367118065,0,0,0,3.50770773399758,0,0,0,0,3.63016511109672,3.41271210905655,9,261,150,6.125696773,1.873910653,2138.342785,0.83802,26.03746675,4.513828364,4.985671995,23.2817510107347,0.0381876964687128,0,0,78.9070124076398,5.33740378882892,6.27352572145546,0.00348529206747525,0.013941168269901,0.0107346995678238,5.55344274381235,5.39738396386517,0.716,0.159823119,0.000975882,7.213411735,56.53944773,0.975581729,762275.6764,6.273595717,6.897133457
"49","Vila Velha","ES",0.25640673881319,0,8396.72325643118,5.62704001447244,5.62704001447244,6.42965129641548,19.2012245013343,0.96630981337933,6.4840784993162,0.112136258653015,0.00797978330465179,0.0179892832834222,0.88899837844048,5.28892795226932,0.0311027596353907,1,0,5.90577079151314,5.77541560275799,4.6,0.545353490440196,0.605764396532045,563.834428571429,0.0114836988061193,5.85278064403828,0.301689639839929,0.590093085106383,3597.91562820008,8.40457406580581,7.34884304934527,58,47.88,75.05,7.07086010632703,35.84,62.64,66.12,31.2,7.03002121284915,7.11794377732996,6,9029,20,6.271979441,3.002172396,3051.242836,0.61051,28.50655159,5.78677452,6.043805137,4.47207678883072,0.0448225229386258,0,0,156.195462478185,5.42862464647548,4.47207678883072,0.00545375218150087,0.0116710296684119,0.0161431064572426,5.71487548788265,5.53465361722015,0.8,-0.000554199,0.006653578,6.301276867,25.28165063,1.157453896,400262.1015,5.554996257,5.913287463
"50","Mauá","SP",0.175379056144398,0,6655.44943276766,5.5183995949029,5.5183995949029,11.1313162748595,37.6790908189119,0.986877258643194,5.2846329766312,0.0802103444976061,0.00674450540142261,0.00742363958288075,0.651908673372029,6.41100470710239,0.0265386588538439,1,6,6.73527257484427,6.30127292854855,5.3,0.625328083989501,0.595767120282171,531.321615508885,0.00587678273297058,5.94761890941112,0.236220472440945,0.174603174603175,6869.05754901961,4.85096240519525,5.28211315834424,12.54,31.11,0,4.41758553680679,35.91,56.07,0,5.2,5.33153795980443,4.80223915671332,1,36387,36,5.637224592,2.227978619,2535.838362,0.59449,8.718667289,6.232024023,5.902515809,0,0.117571778321834,0,0,118.417672745954,5.63303699141543,4.10994091959928,0.0444387361931672,0.0100179809915232,0.00924736706909838,6.26565507286817,5.9449582150288,0.766,-0.011610785,0.023375289,6.72792866,33.80062276,0.788888889,846829.8365,5.103678147,5.898405911
"51","São João de Meriti","RJ",0.137559204902269,0,4160.72794448493,5.41428216946763,5.41428216946763,22.8485006472855,34.7362237089388,0.987423906596909,5.34254091000207,0.0680447322993826,0.00442529818415434,0.00485056694440522,0,6.20459986415782,0.0115634641153022,0,10,4.69221067088659,4.76903430415831,3.7,0.543744889615699,0.727552441329638,525.928338762215,0.008944692452966,5.11639246209511,0.146770237121832,0,3565.66261108566,5.0554210946991,4.90759898474454,0,33.6,68,5.75370193864671,22.62,47.4,27.73,32.66,5.94378071063254,5.83902118283139,4,42453,24,6.588110418,2.052716077,1468.566275,0.8022,26.8280575,4.879005919,5.602698413,0,0.0240868437222639,0,0,95.944609297725,4.65567207476702,2.9673590504451,0.0102209033959776,0.0105506099571381,0.00593471810089021,4.82712239958228,4.63237283149231,0.719,-0.038161282,0.001978239,4.383228798,20.69333207,0.954561043,939632.0866,4.983734559,4.411450284
"52","São José do Rio Preto","SP",0.543046380333309,0.0833243644582677,20884.0852095069,6.24211771319549,6.24211771319549,0,37.6790908189119,0.982730154615513,5.36467345025603,0.0802103444976061,0.01395002287819,0.0140829942162359,0.930151922886439,6.20951658126753,0.0443391377157089,1,28,6.49902992869054,6.05119207863539,5.3,0.6001100110011,0.7699896101743,584.839871630295,0.00963697938776863,7.21955083669574,0.400990099009901,0.171752798650514,4754.20440360183,6.56825183787263,7.0682703966179,0,0,0,3.50770773399758,0,0,0,0,3.63016511109672,3.41271210905655,5,2559,472,5.295116844,3.873539185,1843.83165,0.685554926,9.804485765,6.400313438,5.772922233,5.44812768569675,0.0764002800560112,143.567573664825,1,210.174953959484,6.96330738298123,3.37630448127686,0.0163443830570902,0.0242480049109883,0.0175721301411909,6.98717279664027,7.05971866742846,0.797,0.008819285,0.006292204,6.377985138,40.02067681,0.962666642,472043.8925,5.672646733,6.030546952
"53","Mogi das Cruzes","SP",0.215373300054674,0,12037.9220544045,5.71564582855618,5.71564582855618,25.9660699600286,37.6790908189119,0.984771673995161,5.32509485567995,0.0802103444976061,0.0144190769256321,0.0115954443504789,0.757910247166773,5.91495751399006,0.0441890011946911,1,4,7.73267794910163,6.6800889651397,5,0.612155020551967,0.715030293064427,566.847068965517,0.011606944681079,6.79820976713328,0.391368173810922,0.183882270497547,5147.13652609159,6.38280919190812,6.70569733994442,17.1,41.48,69.35,6.21256485741688,41.04,69.42,0,0,5.5513100286597,5.87435054071235,3,83133,45,7.152657848,3.236472946,1716.9036,0.637558772,9.438372912,6.465173205,7.206204825,5.2075799218863,0.0847897454060018,0,0,155.793432663099,5.79159903432988,3.03775495443368,0.0138868797916968,0.0150441197743382,0.0109937798350933,5.68255280004934,5.71430054857082,0.783,-0.016402122,0.01099378,6.111778338,35.60332055,1.076979167,776124.2592,5.750861776,5.917128761
"54","Betim","MG",0.0936530754234476,0,9215.7709611043,5.54589160406505,5.54589160406505,12.4590861629071,41.9186853718288,0.951367614340777,5.92229417594467,0.104240103539998,0.00320971402437315,0.00456733432704075,0.862393241553471,7.76067459027107,0.0131513645022625,0,7.99999999999999,4.88306506022353,6.39574520484081,5.1,0.516695957820738,0.559718384492802,554.4577278402,0.00822244262992154,5.57363405735908,0.204745166959578,0.209601081812035,6982.71570539419,4.77329326705073,5.01223517119008,29.64,32.83,49.84,5.77104796966732,20,43.4,24.8,9.52,5.32445709777533,5.51869033617021,5,30048,334,5.24233329,2.310996747,1004.986579,0.61805,26.44303415,6.082439173,5.49657122,0,0.167252915818148,0,0,79.4530032889043,5.76237185570517,7.09710922624199,0.0271767353297559,0.0119439155270902,0.00623160810109053,5.89024328101876,5.81126174557325,0.749,-0.01275665,0.010212913,5.667916567,62.36611381,1.041471195,1016574.003,6.609999258,6.167670703
"55","Boa Vista","RR",0.422677929201435,0,5399.08970867471,5.64132587605167,5.64132587605167,13.5543932914542,21.8110678144701,0.933426510275951,6.98521582807077,0.109803462979306,0.0041510848900965,0.0092247670530753,0.865028896509141,6.20308848562938,0.0115244922138479,1,14,5.74614685006004,6.65332591435803,4.3,0.544838709677419,0.643844092440175,515.724927007299,0.0103959827213576,5.12586841506684,0.297096774193548,0.079360100376412,3852.52611434109,6.0839401473087,5.52783484862,82,67,55,7.43377786249407,93,74,66,100,9.55936809958309,8.65700704111799,3,1259,698,4.83863557,1.695181531,1705.026919,0.58017,30.00519937,5.691428,4.904060835,10.7804077806421,0.0244010572086282,0,0,68.1977970471057,4.76565652037029,1.8748535270682,0.00140614014530115,0.0145301148347785,0.0114834778532927,5.17180286568453,4.87939758949449,0.752,0.037389756,0.037028357,8.117522904,24.21483723,1.36,997232.4816,5.928792062,7.234571902
"56","Maringá","PR",0.545733677343593,0,17185.0114257043,6.09659357230179,6.09659357230179,0,17.6797090173313,0.976575114258469,6.41255079461087,0.0842502936233628,0.0151514454291442,0.0163214643603394,0.836244047762138,5.69844176121845,0.0502799527244673,1,9,7.10829460474258,6.85247033760458,5.2,0.528248587570621,0.595900579218008,553.485543981482,0.00704103077055209,5.73497407189969,0.383003766478343,0.24031683743914,4786.38676301878,6.72208178540302,6.27310577889989,45.92,45.65,62.32,6.57264671093166,33.11,57.6,49.77,7.75,6.16708181618212,6.39363237525696,5,2267,402,5.292482819,4.246767261,1387.971215,0.55881,9.622610385,7.448604503,6.5525318,27.2294554108918,0.0725528208106308,108.112939241215,0,203.62592748145,6.7106030313437,8.67982640347193,0.0146297074058519,0.0151896962060759,0.0208595828083438,7.04238585469253,6.95241934049682,0.808,0.008902976,0.007909842,6.625165511,44.2453926,0.733695652,371563.8994,5.35511642,5.988103799
"57","Santos","SP",0.346688025591369,0,31662.9759349848,6.42527377573674,6.42527377573674,6.67476839023234,37.6790908189119,0.983778255395733,5.34640137454482,0.0802103444976061,0.0227566419774098,0.0370129631690482,0.748926977637002,5.14750126276744,0.0590582390005502,1,9,7.36489740788322,5.90127938927405,5.3,0.602564102564103,0.90096339684151,566.008244084682,0.0137319904666868,7.57036231178582,0.444270015698587,0.091390377870426,6089.98112731573,6.00325425542678,6.94028721306537,15.96,30.5,56.05,5.65347051208534,33.63,72.09,0,5.2,5.57486206237761,5.5893719513458,3,36387,10,6.968357399,4.7920579,5863.25042,0.620119901,5.299649071,7.404722622,7.76929511,1.36819702037093,0.0658972632367566,0,0,110.595925813317,5.16863889833653,2.35633931286105,0.000912131346913956,0.0126178169656431,0.0110975980541198,5.03218136175995,5.02248462898769,0.84,-0.036063337,0.010337489,6.533027203,52.42763329,1.037007696,756382.4685,6.255148401,6.475517929
"58","Diadema","SP",0.144570445885079,0,11572.8206076126,5.65426077060125,5.65426077060125,44.9508745576441,37.6790908189119,0.988591622014493,5.2500794087712,0.0802103444976061,0.0129129559790058,0.00714556896684186,0.632810576301537,6.21135638807308,0.0442654786980686,1,0,6.29053730540984,5.82659083102518,5.4,0.580056179775281,0.733251945727677,534.095145631068,0.00884316188194814,6.36101111551445,0.200374531835206,0.28898426323319,7369.82193331734,4.98907163748906,5.6116532517296,16.53,28.06,57,5.62472212583885,36.48,80.99,45.36,7.15,6.55311779444789,6.09463410923344,2,36387,44,5.780788098,2.445445233,2696.657096,0.59449,12.105692,6.05888942,5.880468513,8.729388942774,0.160824869407422,282.60444228904,0,145.877788554801,6.48661458187386,6.59553831231814,0.0770126091173618,0.00717749757516974,0.0104752667313288,7.44449066691372,7.04919204116517,0.757,-0.008436566,0.04500485,8.000859605,35.62174834,0.569335537,819792.3795,4.721624238,6.435885124
"59","Jundiaí","SP",0.133324887781777,0.0194032978348565,24104.4547975687,6.05173149131363,6.05173149131363,0,37.6790908189119,0.975577965753755,5.50680429072101,0.0802103444976061,0.00442558250433916,0.00726761135556381,0.742041532141583,6.91227983477403,0.0269585112287189,1,0,5.78462803942946,6.14242631565635,5.6,0.598815293484114,0.935368422573491,578.298129592518,0.0188748282886603,8.20972699266948,0.434033387183629,0.146586775090948,8823.54727425123,5.60991685028399,7.08729653303855,57,28.06,65.55,6.38771054069542,37.05,80.1,46.17,5.2,6.52176473295385,6.48395985700437,6,367,106,5.540606767,3.979519131,1907.075744,0.61994,9.36910771,6.803133503,6.25628212,0,0.107652198076122,281.546121019805,0,186.01597548966,6.07713206613682,6.89353320932268,0.015647226173542,0.0137870664186454,0.0200240726556516,6.73729732442732,6.4424890021957,0.822,-0.001652341,0.027464712,7.869702625,109.9753429,1.055244817,829134.3373,8.294439096,8.512287919
"60","Rio Branco","AC",0.440815065801024,0,6541.37686314525,5.68953929743638,5.68953929743638,10.4926049636747,49.3193646814632,0.960002887420976,5.63202256095897,0.108726779580433,0.00487162512034299,0.0101490395484538,0.833643150649284,5.92340513706286,0.0141073491030877,0,11,4.71404956905754,4.79009691394331,4.8,0.436842105263158,0.662157292882877,522.833508522727,0.0111274937518381,5.0287848333885,0.28005540166205,0.16374269005848,4282.1909120455,6.039243988819,5.44311683056564,0,65,43,5.95496891511043,77,75,59,74,8.67798421980203,7.40107560875025,4,1319,504,5.054744621,2.10645795,1013.880874,0.64018,49.58851072,5.742665149,5.103385897,7.94502898861928,0.0295747595132012,0,0,59.6950826712476,4.66093295482725,2.36203564526519,0.00622718488297187,0.011810178226326,0.00773029847541336,4.87593617534519,4.66175222371031,0.727,-0.002150165,0.002147305,5.03278315,21.79896627,1.169693239,569268.165,5.458651601,5.089860407
"61","Montes Claros","MG",0.417131286865222,0,6276.85210717691,5.66554631997065,5.66554631997065,28.2083115324196,41.9186853718288,0.951105077192595,5.92710942346926,0.104240103539998,0.00458835533146636,0.0100600952386847,0.822940819540945,6.03042383945717,0.0134726347139958,0,11,4.69549589168677,5.05825901523327,4.9,0.552816901408451,0.634023551134494,579.294853466762,0.00710760025018882,6.15296347700354,0.370305164319249,0.10125348189415,3939.81257428279,6.56450647073116,6.4287116897915,0,36.18,43.61,5.29155832449535,33,49.7,28.8,12.04,5.77121121220358,5.50127075013339,4,1153,539,5.048953563,1.665359612,1932.348804,0.61805,7.904608147,6.069006694,5.342378432,5.20346897931955,0.047840316780476,0,0,95.130086724483,5.00841605373586,1.73448965977318,0.00360240160106738,0.0120080053368913,0.0141427618412275,5.2597005628716,5.05904752564756,0.77,-0.017991859,0.001601067,5.332436184,23.26886207,1.099823746,460726.1675,5.368047296,5.215982579
"62","Campina Grande","PB",0.409914465948901,0,7101.07837517821,5.6869671474785,5.6869671474785,16.2574861805238,62.2716803128018,0.934446875414497,6.04421407993682,0.110259918407084,0.00385037040347021,0.00820106953081345,0.565165828317573,5.602278891142,0.0107769723668963,0,0,4.09146982849304,4.41848608081904,4.1,0.472491909385113,0.68397955691769,557.853555973659,0.0152599659636589,5.53194451464955,0.234223300970874,0.293563579277865,3439.51559482487,6.9120054635965,6.26527458879315,61.1,65,64.8,7.29745374629194,45.65,29.07,45.14,14.25,5.93143403426985,6.65392910812049,4,873,128,5.117489619,2.393200106,2261.663393,0.568994603,25.61438272,5.949027648,5.304024129,54.7205603385379,0.0577110377811051,2338.49303808551,1,92.3683058514519,7.4519151410517,30.0598278126368,0.00963081861958266,0.0156135998832628,0.0118196410331242,8.21569802830691,7.99265708059132,0.72,-0.009886789,0.002042901,4.819209347,22.98054273,1.117474486,489499.7278,5.39382445,4.921897019
"63","Piracicaba","SP",0.287180227708944,0.395798990816763,22325.0856620559,6.23129291721007,6.23129291721007,13.0055668552017,37.6790908189119,0.992346815664319,5.17801985729188,0.0802103444976061,0.00577492811583361,0.00805020632822781,0.658158375180949,6.38233206649386,0.0326975475251814,1,13,6.39681233902768,5.97005119341709,5.5,0.597677595628415,0.825717847617166,580.943954248366,0.0132978978433333,7.59961068097964,0.360997267759563,0.162285313704872,6769.91398464759,5.59720687385533,6.71513751610843,15.96,25.62,63.65,5.70179963128767,34.2,60.52,43.74,7.15,6.12757240609695,5.90920359598459,7,49496,205,6.920781884,3.885961855,957.5336528,0.67864,7.555907623,7.100407935,7.506936653,24.4136460554371,0.152260582407685,0,1,106.716417910448,7.3808028354779,4.79744136460554,0.03272921108742,0.0107675906183369,0.00991471215351812,6.06099822541752,6.78334735974889,0.785,0.029547543,0.017377399,7.215634397,67.81458778,1.191516223,554036.0538,7.103974179,7.399453955
"64","Carapicuíba","SP",0.122672498213859,0,3159.0744150478,5.37267447548312,5.37267447548312,21.0568053947172,37.6790908189119,0.984790946108042,5.32485903173656,0.0802103444976061,0.0122305253289227,0,0,2.95422808980237,0.0390226501817118,0,21,5.19225369042876,2.83376668617818,5,0.564406779661017,0.733085885981021,520.441549925484,0.00534031980626804,5.72679839500019,0.185310734463277,0,4060.65385595921,4.92070715132703,5.19184046035877,0,0,0,3.50770773399758,0,0,0,0,3.63016511109672,3.41271210905655,2,36387,72,5.668701587,2.406112858,1786.621812,0.59449,9.374036386,6.385961687,6.040755247,0,0.0544783196464962,0,0,119.827275998561,5.10042514107138,11.1550917596258,0.0194314501619288,0.0100755667506297,0.00827635840230299,6.0538831742102,5.54052582817886,0.749,0.002178602,0.011514933,5.970062953,15.1875942,0.494276795,677686.8394,3.858371423,4.689862534
"65","Anápolis","GO",0.35931962947053,0,8132.96747249865,5.6864221661431,5.6864221661431,0,13.9321303950133,0.861430328425742,9.48940665325432,0.114798797862806,0.00760326205346434,0.00708408087370252,0.716643739594494,5.76731747052773,0.023816421142632,0,0,4.47263296239296,7.20908811866681,5.5,0.422039243167484,0.728496150599395,551.524049881235,0.00664787089598454,5.72100180563962,0.194989488437281,0.182884180209833,5308.49512108262,5.0969993316493,5.29371713565921,38.35,40.3,63.08,6.3549112696576,34.16,38.22,37.8,17.64,5.84507046886471,6.10641645395196,6,7909,889,5.62410706,1.920035508,1806.422045,0.63689,24.71464671,5.459627027,5.316860458,6.46203554119548,0.0777931962491064,0,0,114.70113085622,5.45369952145309,4.17339795368875,0.0135971997845988,0.0102315562735595,0.0102315562735595,5.37143980428457,5.36168447075171,0.737,-0.005996012,0.007135164,5.418101295,37.16856398,1.099590301,555778.4118,5.851194429,5.559155368
"66","Olinda","PE",0.197189405133492,0,3613.2793586533,5.43615884418952,5.43615884418952,33.1990201746398,45.1270771273754,0.956352017692174,5.76482703890939,0.106915492962018,0.00620718268586801,0.0124540890658744,0.588837506299413,4.96919448109134,0.0160260613711618,1,12,5.94651445599688,5.07749053842999,4.4,0.549416609471517,0.624927401201883,537.155550161812,0.00689912685386521,5.27207655481736,0.253946465339739,0.041149575440888,3565.63236477425,5.88824932499844,5.49826733220683,0,35.28,65.8,5.74598779211186,23.92,37.95,27.47,29.6,5.73486025215413,5.72374322475812,3,30800,7,7.371947166,1.198095669,2741.23965,0.7358,30.7314075,4.491058362,5.897861156,0,0.0419259953960269,0,0,114.601018675722,4.95226894165842,3.11262026032824,0.00509337860780985,0.0144312393887946,0.0189586870401811,5.9996675270548,5.43057483979605,0.735,-0.021933398,0.001131862,4.782374078,14.66702647,1.853909465,628655.2061,6.59860492,5.626535529
"67","Cariacica","ES",0.152752073795917,0,4907.12028357417,5.44798591548542,5.44798591548542,11.4782299329399,19.2012245013343,0.974787696355953,6.31151332589572,0.112136258653015,0.00210109073331587,0.0092837290866769,0.938937236470317,7.04006034852545,0.0129098009723091,1,0,5.37396264086218,6.50726211809191,4.3,0.468725257323832,0.53716881217485,524.203624868282,0.0142949441366917,4.68858780650069,0.150039588281869,0.416260162601626,3959.81100401606,6.47519659967505,5.50033391448618,0,0,0,3.50770773399758,0,0,0,0,3.63016511109672,3.41271210905655,1,9029,18,5.304369113,1.937642143,1098.754031,0.61051,42.43263173,5.805226533,5.336142036,0,0.0514200525571053,0,0,109.321058688147,4.99358279898822,2.53164556962025,0.010126582278481,0.00759493670886076,0.0096662830840046,4.86763692274302,4.8379756892228,0.718,0.056642417,0.008285386,6.166214515,26.34496436,0.715927429,603328.0071,4.69624883,5.313707412
"68","Bauru","SP",0.452997664211049,0,14200.6312214112,5.94077103217132,5.94077103217132,6.96531987186178,37.6790908189119,0.979039187818587,5.44004550169407,0.0802103444976061,0.0105352395099084,0.0096281927809172,0.802197003694883,6.30723167042794,0.0396338029935024,1,38,6.30718590392469,6.03807811508713,4.9,0.593888070692194,0.784011842196585,568.603557951482,0.0113898603995337,6.87522412374975,0.419366715758468,0.387298453438631,5138.59103674314,7.39286167892693,7.35525522724359,0,0,71.25,5.03466975090303,39.33,58.74,0,7.15,5.47527158210931,5.20709380419993,4,593,347,5.047948039,4.469560342,1179.121871,0.67864,11.00323285,6.84714139,5.921781921,14.5315487571702,0.0967070025788534,26168.2600382409,0,128.10707456979,7.03419231625188,5.8636073932441,0.0127469725940089,0.0138942001274697,0.0179732313575526,6.38958329004123,6.77355391968704,0.801,-0.004371654,0.007775653,6.327721909,40.14762933,1.521414419,558106.3895,6.810619782,6.686778277
"69","Itaquaquecetuba","SP",0.102510039961866,0,3686.16615402472,5.37613678686813,5.37613678686813,32.117632172222,37.6790908189119,0.995281895922079,5.1206740317289,0.0802103444976061,0.00832672204416087,0.0081942985825357,0.525931402840418,5.84895506595381,0.0191865979502494,0,12,4.81875484572102,4.45373826003875,4.8,0.534690799396682,0.703882540610765,519.208220858896,0.00654072634887277,5.41053929049608,0.171945701357466,0.057971014492754,4732.33659969088,4.69328561146949,4.86697354643835,18.24,28.67,54.15,5.60245860330677,33.06,0,0,5.2,4.29555954495682,4.88147059533535,5,83133,56,7.512526719,1.940229291,871.3398217,0.63592,13.45355358,6.241380854,7.307659272,0,0.113386284682368,0,0,109.74284679464,5.53051876121588,6.51937703730532,0.0463600144875045,0.00470843897138718,0.00470843897138718,5.80817984065348,5.64070722496059,0.714,0.001139543,0.029337197,6.60028829,20.20348632,0.418416728,818565.0225,3.878991772,5.082527305
"70","São Vicente","SP",0.29675368293016,0,5918.24686723888,5.57490312051864,5.57490312051864,8.20586727780959,37.6790908189119,0.995226400755763,5.12318429272378,0.0802103444976061,0.0378990234567132,0.00885135015756951,0.443009578588396,5.25025882904458,0.0397351239520096,0,21,5.21308039405549,4.3126065952328,4.9,0.572262773722628,0.592548075417082,525.973319838057,0.00587345781805564,5.37441627495289,0.236496350364964,0.041925465838509,4512.80302618817,5.14001111209588,5.11232192063632,0,31.11,67.45,5.68346781324892,29.64,0,0,3.9,4.21168064568403,4.87994354509183,2,18,20,5.21586488,2.559595943,3308.114511,0.61994,7.55044642,6.254939284,5.605447942,0,0.0299783572974479,0,0,87.6006441223833,4.64248046942643,3.22061191626409,0.00225442834138486,0.00869565217391304,0.00805152979066022,4.62949719613506,4.51783359648019,0.768,-0.021775838,0.004186795,5.410737886,14.95854805,0.998311128,1139458.627,4.872958452,4.964528769
"71","Vitória","ES",0.550915574381354,0.00191108490526876,55592.754829055,7.32028303005263,7.32028303005263,3.3200328327772,19.2012245013343,0.957758822998093,6.66242624730813,0.112136258653015,0.00440256286867497,0.0246594742944223,0.882731460369891,5.40122136856437,0.0338701639046632,1,0,5.9866662727705,6.03517719125131,4.6,0.5301489284417,0.934766698360777,585.218424924275,0.0276494854003804,7.78003381737827,0.395750090810025,0.560372110866021,6026.56829739218,7.64186454915526,8.04469585889028,0,0,0,3.50770773399758,0,0,0,0,3.63016511109672,3.41271210905655,2,9029,118,4.914911047,3.796173018,4392.201755,0.61051,34.36760893,5.958667914,5.160175292,24.3729504564389,0.0664067404805522,220.844482850306,1,167.597270229549,7.11571622650744,10.7240982008331,0.00141806257201099,0.0201187627404059,0.0237525480811841,7.39883763180254,7.36618648666426,0.845,-0.036260655,0.007799344,6.438365153,58.49229841,1.557127745,452549.0998,7.521350124,7.182325037
"72","Caruaru","PE",0.333293575867605,0,5610.16984483258,5.58917820181148,5.58917820181148,36.2968728838629,45.1270771273754,0.964251527869818,5.60157957588319,0.106915492962018,0.00699109868699559,0.00964224824421169,0.70803475443517,5.49881630361848,0.0177433112798153,1,0,5.51525357794343,5.03212482462185,4.8,0.470788043478261,0.578514226710005,551.971908646003,0.0152528762657609,5.50738813030961,0.214334239130435,0.175603906116156,2972.75339800995,6.80454887696896,6.18639253382129,68.62,34.3,60.9,6.60098820010457,21.84,44,33.5,23.31,5.77946739377991,6.202452161315,5,408,120,5.320062647,1.451027906,1722.737911,0.7358,44.67392099,4.701920152,4.525251517,4.70623956277516,0.0343944903805132,0,0,121.603157734932,5.08070067056625,0.45544253833308,0.00576893881888568,0.0132078336116593,0.0104751783816608,5.0013634158599,4.95796301250285,0.677,0.012861599,0.000455443,4.48917848,20.60637944,1.088853443,411253.0674,5.253153997,4.637915993
"73","Caucaia","CE",0.169859620965778,0,1368.09816815661,5.34687189804676,5.34687189804676,43.5146370311138,49.7307120457473,0.97412655884492,5.33795785931679,0.0992800309397145,0.00216511200308177,0.00880652268356375,0.884255285480021,7.17703610346787,0.0104142598259509,1,0,5.30101413663613,5.87136119966218,4.2,0.270027899561578,0.496902264325629,479.644351265823,0.00521559071962784,2.50728380010426,0.029294539657234,0,3334.71254568368,4.53954236136507,3.04031711313887,0,26.64,55.5,5.3224437975336,33.63,24.99,23.12,21.17,5.43503107502367,5.3388140387933,4,13382,38,5.665407752,1.442781323,1972.175746,0.73145,81.58994682,4.578103085,4.690415974,0,0.0741448428309168,0,0,81.437125748503,4.97565164713101,2.79441117764471,0.0167664670658683,0.00878243512974052,0.0107784431137725,5.28172602260965,5.05321293036063,0.682,0.042456817,0.005189621,5.287912517,18.75689991,0.655828132,1196401.588,4.310306657,4.550970318
"74","Blumenau","SC",0.45829928603345,0.272520897704043,17507.4497868554,6.14683976975707,6.14683976975707,46.3089474369132,11.3156260932368,0.969860889514658,7.52881017601771,0.0898794082427194,0.00785652541444358,0.0129245061309952,0.802721038473689,5.80441434409067,0.0246753867834796,1,10,6.295639281411,7.13882776731759,4.9,0.509433962264151,0.68552991734386,566.067880870561,0.00861804238276661,5.98278249339037,0.360131255127153,0.195003046922608,5938.25287262079,5.9518874928001,5.96096318639852,52.2,34.81,71.28,6.60018883354663,39.01,41.34,43.32,16.74,6.05418885771268,6.34821456180769,2,5505,46,4.994877655,4.315882408,951.3069445,0.53224,8.187370708,8.096894155,6.813991315,4.89706176294223,0.109021941394188,22166.699980012,0,186.488107135719,7.13726170811022,8.4949030581651,0.0196881870877474,0.0194883070157905,0.0291824905056966,8.16580770656105,7.79459620000774,0.806,-0.013458856,0.014691185,6.689198256,47.19795152,1.627204586,540730.7869,7.270547017,7.182343134
"75","Petrolina","PE",0.326911170577305,0,4737.12959551662,5.55725366982211,5.55725366982211,27.7535617936293,45.1270771273754,0.96697054143627,5.54615557494837,0.106915492962018,0.00392285894109038,0.010704684484017,0.745536497892402,5.81101941860809,0.0107358426803094,1,0,5.31041449785415,5.06843894300312,5,0.461618798955614,0.773583113040929,535.48934751773,0.0118385749595863,5.80646255723042,0.227676240208877,0.18539755351682,3652.73349108118,6.24303083122996,6.02957391353792,73,41.16,56,6.71974456099607,29.64,48.95,35.51,21.83,6.00274095846961,6.38445683881581,4,1464,480,5.059633975,1.133641463,1318.926989,0.7358,40.90468929,4.751348739,4.367936376,7.74102744546094,0.0307179491901548,32.5374736101337,0,62.9838142153413,4.69126228229107,3.87051372273047,0.00263898662913441,0.0102040816326531,0.0103800140745954,4.99925126587095,4.74522903090419,0.697,0.025466451,0.009324419,5.491593308,20.21900983,1.127803489,546661.1632,5.318695663,5.282229846
"76","Ponta Grossa","PR",0.395798345685819,0,9238.65692875337,5.74554948832029,5.74554948832029,20.1616441903343,17.6797090173313,0.97769938601046,6.39090560651483,0.0842502936233628,0.00532757916972501,0.00880540952946387,0.619982573209919,6.06904419691799,0.0293223296694658,1,21,6.1288453624073,6.41165890204916,4.8,0.524626865671642,0.662632710698953,549.79717693837,0.0153897445697332,6.02079596782687,0.318283582089552,0.344666123778502,5120.26107897934,6.59936678743304,6.37056746919182,0,42.9,47.56,5.53394757296008,23.65,48,43.45,7.44,5.72853000207473,5.60754155977052,5,8,144,5.292431838,3.55790914,301.9423574,0.55881,16.1632826,9.144902803,7.817201369,17.5809649702578,0.0923659352372551,0,0,86.9795109054858,5.6967279642543,4.6265697290152,0.00951751487111699,0.0128222075346993,0.0117647058823529,5.59323141218788,5.61422663440611,0.763,0.010002912,0.008592201,6.089221118,43.48311494,1.86722618,332150.1453,7.628236709,7.036167556
"77","Franca","SP",0.549229390909089,0,11332.5317496841,5.91305641213212,5.91305641213212,24.561985371575,37.6790908189119,0.984344186999689,5.3335319305116,0.0802103444976061,0.0120567908681966,0.00995659734038517,0.729987798686337,6.04063323917462,0.0598935831042717,1,0,6.7473708230558,6.08497245941252,5.6,0.585127201565558,0.637307807046432,566.732210274791,0.011577471747249,6.7482407676239,0.36105675146771,0.162880699983173,3757.79424547744,6.89389700354016,6.98123086683836,15.39,0,70.3,5.23477969771547,40.47,56.07,65.61,4.55,6.45873432541651,5.83690935439759,5,3320,395,5.319412192,3.835320565,2076.028614,0.67864,6.69383247,6.713705598,6.0246916,1.70377101317583,0.0490651054681612,0,0,239.323034984098,6.0199726321441,4.31621990004543,0.0127214902317129,0.0160154475238528,0.0104497955474784,5.79298942297008,5.89838009953455,0.78,-0.007633559,0.018627896,6.676660292,28.35777698,0.750801787,298053.4652,4.837032963,5.706603992
"78","Canoas","RS",0.199319091592359,0,9437.30364740598,5.62249617600894,5.62249617600894,16.0462944305669,43.1684982508307,0.974788396323478,5.4195544047475,0.0985774299256746,0.00529983034901727,0.00536978147862563,0.593025408313403,6.43475607999298,0.0142848987849278,1,0,5.41415886393044,5.48854691374418,4.2,0.575757575757576,0.66643761117133,557.042386363636,0.00777056578952591,5.72293048854654,0.262337662337662,0.129426468546035,5539.47981322192,5.20968867795284,5.36220514569856,0,38.76,69,5.89625217282193,29.76,43.07,38.71,25.83,6.03201516354431,5.96182883620855,5,18869,17,6.422688103,3.808025094,2574.762757,0.64309,15.72650746,6.172633801,6.44385361,5.92216582064298,0.0964174225850246,0,1,111.675126903553,6.38913975517675,6.5989847715736,0.0225042301184433,0.0111675126903553,0.0157360406091371,6.39736574179821,6.42731762459704,0.75,-0.042581499,0.012013536,5.351381719,58.98950041,0.926709735,906213.1173,6.259693141,5.765355745
"79","Pelotas","RS",0.487945901447753,0,9398.26577978396,5.81128724339359,5.81128724339359,23.284908823563,43.1684982508307,0.969192067548197,5.53210334550964,0.0985774299256746,0.0133332746292839,0.0084789496314572,0.688686169141839,5.58515550991132,0.0253009456620002,1,0,5.7361748496573,5.19837279672533,4.4,0.491666666666667,0.681018979406296,556.980424528302,0.0283228868884415,6.35077117774554,0.300320512820513,0.376889848812095,4443.83947822823,6.94485103205594,6.77417651937776,0,31.35,60,5.52943997227642,31.68,40.15,35.55,27.88,6.00257402648291,5.7509702079841,3,255,19,5.462786147,3.548765946,1083.566256,0.6297,11.34294672,6.79538738,6.192486202,20.7841284837034,0.0537828472422755,53.5014958274287,1,72.114627617698,6.16200293213756,12.4389859864588,0.00677058730908518,0.0135411746181704,0.0160604629192253,6.64177159021457,6.43670008782413,0.739,-0.001468104,0.005825854,5.430180562,27.47294562,1.018580819,549969.0934,5.349501457,5.263764222
"80","Vitória da Conquista","BA",0.399758632228424,0,6081.35702167657,5.64790051737208,5.64790051737208,52.6382553606969,53.9731516063554,0.976791621518833,5.2357975849372,0.1063845782264,0.00630274078960433,0.0112576796102403,0.767652821366731,5.54616146940914,0.0201999147183458,1,13,6.03148731885901,5.17041546607845,4.5,0.444080741953082,0.83535544014739,546.20275432526,0.010950223177281,5.73157481949013,0.213311511183852,0.199205621753743,3458.46578644764,6.37858926293319,6.06582663159502,0,20.9,48,5.02697759299391,41.76,39.04,28.8,14.49,5.78095246888508,5.3656628019392,4,1491,205,5.095752127,2.116920758,1916.70935,0.74949,56.16293654,4.81613595,4.443168294,9.3641443890651,0.0348574399677423,0,0,69.4759099833862,4.82348450852717,1.35931128228364,0.00513517595529376,0.0116296631928712,0.0107234556713487,4.97228162282174,4.80241398892814,0.678,-0.000690237,0.001359311,4.357889907,21.1374275,0.842334213,405649.9915,4.77150679,4.268122825
"81","Ribeirão das Neves","MG",0.108926483025132,0,1430.711357146,5.30874198738281,5.30874198738281,32.4550278566549,41.9186853718288,0.959794244813362,5.7456858265218,0.104240103539998,0.00703895587379995,0.00568884570889732,0.775608903527859,6.54406383530778,0.0173300609712365,0,14,4.69570559669383,5.29067628508789,4.2,0.388996138996139,0.573611191820406,540.289682997118,0.00273063913941289,4.03705121854361,0.147683397683398,0,3758.82559713376,4.9035846535858,4.17193017061128,0,46.23,42.72,5.50838543838835,21.5,32.9,0,11.48,4.80218383337465,5.10100177833787,2,30048,351,4.617655491,1.977675263,1116.566886,0.61805,19.624211,5.964521725,4.942915158,0,0.0387749595250944,0,0,76.2448132780083,4.63123198497367,1.55601659751037,0.0103734439834025,0.00570539419087137,0.00674273858921162,4.41209484797874,4.39360492798589,0.684,0.008562379,0.003630705,4.715436982,12.72729962,1.37204142,898768.4515,5.553528173,4.955641229
"82","Uberaba","MG",0.308426170353122,0,10906.7759119776,5.74099320694705,5.74099320694705,47.8273271385755,41.9186853718288,0.938557076736742,6.19469073052775,0.104240103539998,0.00446077445225434,0.00729203542366016,0.80991174886374,6.44012138399222,0.00948089825585349,1,13,5.71815398878978,6.24677790678146,5.1,0.503167062549485,0.646784699489867,574.675402061856,0.00824206628737293,6.03739437492104,0.309580364212193,0.165066798614547,4592.80631070307,6.05507592851778,6.0552540216743,0,30.82,0,4.23113668441293,23.5,54.6,29.6,12.32,5.71428346945353,4.90669466521164,3,430,517,4.824235714,4.037002207,1388.372629,0.61805,13.81227647,6.755422324,5.686606026,6.64160401002506,0.0536207554368562,3485.46323433584,1,119.799498746867,6.24737966934488,6.64160401002506,0.0110275689223058,0.01265664160401,0.00827067669172932,5.54120886053885,5.8851376785412,0.772,-0.002940362,0.006015038,5.856224094,45.67305754,1.005612004,462459.1372,5.956438557,5.886976623
"83","Paulista","PE",0.167829805871681,0,2536.59742549396,5.38263981882207,5.38263981882207,43.2166577417112,45.1270771273754,0.918481076748923,6.58613306464657,0.106915492962018,0.00792464451466003,0.00784062447455262,0.748176394391095,5.82566805804725,0.013422462340647,1,17,5.72880174401894,6.09830315378584,4.2,0.579593267882188,0.606379770279458,521.073989455185,0.0105887424018592,5.21197589739401,0.166549789621318,0,4120.66514937107,4.76523065994126,4.79131495661665,0,42.14,64.4,5.87700712480028,25.48,37.4,24.12,36.26,5.82896552582479,5.8435389745255,6,30800,14,7.088943977,0.851756654,2422.807916,0.7358,27.00945925,4.433608835,5.644030135,0,0.0389207163174552,0,0,97.7578475336323,4.79732718661358,3.1390134529148,0.0103139013452915,0.00582959641255605,0.0112107623318386,4.9271765123741,4.76369627692647,0.732,0.006305288,0.002690583,5.257861117,13.47289705,1.498702422,772396.7346,5.836432878,5.453574252
"84","Praia Grande","SP",0.282276655172136,0,6771.75252783441,5.5924735918252,5.5924735918252,15.7590441700847,37.6790908189119,0.990446866756091,5.21463545917635,0.0802103444976061,0.0629316856511342,0.0095764588766802,0.929667779645957,6.42187907565047,0.101470455512164,1,9,8.60467169890164,7.56693586800758,5.4,0.564165844027641,0.806166243193938,534.431274238227,0.00959953554564944,6.54187993873424,0.223099703849951,0.282306163021869,3258.33547886109,6.97362825825399,6.90556556699702,12.54,26.23,75.05,5.91143869867962,27.93,74.76,0,0,5.42220115706663,5.64540920520856,2,18,24,5.110183311,4.514477462,4556.532076,0.620542118,11.29426311,6.603592864,5.786600364,0,0.0373307431354925,0,0,62.2988070441204,4.51193439823127,0.378716152243893,0.00170422268509752,0.00416587767468283,0.00624881651202424,3.86985553624427,4.03418420285721,0.754,0.016352894,0.001325507,5.612513658,22.64003995,0.3504696,921974.4429,3.825920963,4.454569949
"85","Cascavel","PR",0.575039443615925,0.0342475603560337,12014.893630253,5.96397932466523,5.96397932466523,2.78170689962655,17.6797090173313,0.9723320542641,6.50340205008484,0.0842502936233628,0.006876984495258,0.0118866575552191,0.745096741001427,5.94639625232296,0.0181246088268616,1,3,7.45223442301522,7.32981510181391,5,0.511435331230284,0.635892816278505,548.337395944504,0.0151323748805266,5.9506356146837,0.359227129337539,0.297551789077213,4636.52446081572,6.88288103254554,6.49805337691318,36.96,46.75,41,6.01320031808376,26.23,56,45.03,8.06,5.95116120146354,5.98103566484602,5,959,474,5.254934619,3.695807161,843.1282488,0.55881,19.63859043,7.256402002,6.381236779,6.77177018304941,0.0675241739802262,0,1,144.11173420802,6.414037150439,8.46471272881177,0.0158713363665221,0.0165061898211829,0.0134377314569887,6.56288718141102,6.53077440208977,0.782,-0.001078726,0.006665961,6.056414112,37.49887078,0.607474048,370492.4031,4.86430935,5.348856598
"86","São José dos Pinhais","PR",0.120256499280561,0,8990.71603610065,5.55626082686135,5.55626082686135,20.4918506120712,17.6797090173313,0.975758221642699,6.42965973289646,0.0842502936233628,0.00263389136260622,0.00601985571114723,0.701284596455958,7.44300879575941,0.0322519725511913,0,4,6.16359329714085,7.42366200696647,4.9,0.554388597149287,0.571564904962404,538.756286579213,0.00762063261547691,5.46179393549383,0.211552888222056,0.410596026490066,8558.17480159484,5.35045760077162,5.29028156155861,0,40.15,63.14,5.80329331230582,32.68,43.2,41.87,9.3,5.80883684403406,5.7936024875961,3,13739,47,5.402829187,3.456308649,1124.128912,0.55881,17.93078716,6.94097847,6.256332361,0,0.145622525296964,25380.7106598985,0,193.062605752961,7.48964812948359,6.76818950930626,0.0307952622673435,0.0089678510998308,0.0104906937394247,6.10138780257986,6.86442840864154,NA,NA,NA,NA,NA,NA,NA,NA,NA
"87","Guarujá","SP",0.173453434431916,0,8004.64680885109,5.55997397592639,5.55997397592639,20.7999098826407,37.6790908189119,0.994933057903899,5.12765510479765,0.0802103444976061,0.0578317272036083,0.0231970044508965,0.759649393500216,5.27964692062386,0.104355437778975,1,0,8.04705918859075,6.31766877404152,5.2,0.560169491525424,0.679581462695935,540.98264573991,0.00918888633650395,6.08819397316348,0.241525423728814,0.046140195208518,4743.57939320388,5.07063249312624,5.49737138373053,17.67,28.06,56.05,5.62069370193724,0,65.86,0,3.25,4.85420924135404,5.1884487958414,2,36387,6,7.606197003,4.071349665,4868.488474,0.622065737,9.8468507,6.508747429,7.576837194,0,0.0395344102076829,74019.2092449592,0,60.9180609180609,7.56227387665367,0.429000429000429,0.00171600171600172,0.00664950664950665,0.00600600600600601,4.03537517602341,5.78139802998748,0.751,-0.010329451,0.002145002,5.228657338,28.02228773,0.825932334,1110050.417,4.97778069,4.917917695
"88","Taubaté","SP",0.167230055820616,0.00206640349472234,12362.4975905492,5.69499490070293,5.69499490070293,8.36498377295361,37.6790908189119,0.984998325201885,5.32193176617639,0.0802103444976061,0.00689367830991374,0.00643808987382666,0.630590358896264,6.57758567418395,0.0270390252804837,0,0,4.56683463561001,4.92774286005695,5.6,0.615205223880597,0.742596907594193,577.90558411215,0.0138169896839535,7.47177642136529,0.402518656716418,0.06750219876869,6041.11902798233,5.66116479368207,6.67696932013798,0,34.77,71.25,5.85081590943457,33.06,72.09,0,7.8,5.6164897174527,5.7165368865893,4,11,119,5.103395701,3.118078673,1384.820584,0.63592,5.610622779,7.081965983,6.138199942,4.80413895048041,0.130008101340404,0,0,148.373983739837,6.11223527661034,4.0650406504065,0.0136733185513673,0.0133037694013304,0.00997782705099778,5.56572699154597,5.82503313818995,0.8,0.003354428,0.009977827,6.565854254,57.21953744,1.351990504,730227.5257,7.06089534,6.981441945
"89","Palmas","TO",0.711057101534871,0,9862.60281028502,5.97292719835484,5.97292719835484,20.4010026679531,36.8376348371025,0.952502381402266,5.99939496289543,0.156767719736847,0.00756511109335145,0.0165760440887531,0.736247593459419,4.3869551115624,0.0218132269762833,1,26.9999999999996,5.84820512969743,4.76568098984156,5.4,0.54108440469536,0.726941277393887,540.1864,0.00680832989249293,6.13135171659537,0.370318613750699,0.181041181041181,4441.99941446965,6.57773623799203,6.42370317555708,100,78.85,76,8.41984044430619,73,57.75,59.22,51,7.85559204227617,8.27508955415118,4,1811,944,5.055337614,2.276404265,1359.166491,0.66799,33.82809583,5.512680246,4.93235838,15.8520475561427,0.0364421885857579,205.250990752972,0,115.752972258917,5.39267185820177,5.44914134742404,0.00247688243064729,0.0158520475561427,0.0150264200792602,5.92482688969616,5.62918909663762,0.788,0.033108555,0.001651255,6.330218628,33.34812302,1.479619105,679481.8151,6.489248477,6.494396552
"90","Limeira","SP",0.234916232750569,0,13281.6277788682,5.76800524952957,5.76800524952957,4.74058148143495,37.6790908189119,0.980643827837223,5.4092741343147,0.0802103444976061,0.00891489069702825,0.0088568578903931,0.754071613433296,6.33156700210443,0.030207075620972,1,0,5.87958857079264,5.73462164935282,5.4,0.601860465116279,0.707284657493422,583.345521191294,0.017711289710191,7.4265216350252,0.34,0.43298969072165,6151.77662098181,6.73778325569404,7.29324274815111,0,27.45,66.5,5.57719819773949,0,56.96,0,7.8,4.78729593023968,5.12969685830266,8,49496,187,7.134349494,2.844183884,637.2772839,0.62258,7.078894277,7.522207668,7.980646904,2.5074439742987,0.150808087875184,6860.5077574048,0,97.6335997492556,6.11638728707804,5.79846419056574,0.0402758188371729,0.0540667606958157,0.0115969283811315,9.66895047482173,8.05661822699757,0.775,0.000564409,0.031186334,7.512840016,44.35859426,1.231897041,547238.904,6.369777936,7.135811087
"91","Camaçari","BA",0.0573691827663376,0,7875.98544992368,5.47945910342319,5.47945910342319,112.502548208869,53.9731516063554,0.990805512930433,4.95976075859029,0.1063845782264,0.00664897111973232,0.0060291154768042,0.976480410206809,6.94940073518402,0.0316792384170758,0,12,5.18393393211625,5.36593341300864,4.2,0.557247899159664,0.906852780506125,519.386397515528,0.01800766142008,6.32817052995058,0.115546218487395,0.208904109589041,7900.88159658344,4.03569953145821,5.02235900903368,0,29.45,56.25,5.4044753995946,41.18,49.92,28.8,17.94,6.03080204352927,5.69949370170749,3,20480,38,5.635550278,1.572174717,1490.337522,0.74949,78.58787612,4.701317802,4.760020249,0,0.183110351657314,0,0,116.564417177914,6.18330876995222,7.011393514461,0.0251241600934852,0.00964066608238387,0.00876424189307625,5.85201682534638,6.01919280860533,0.694,0.006748896,0.017528484,5.684843106,84.87630656,1.021825397,1344303.437,7.353353719,6.626359407
"92","Santarém","PA",0.303155270981681,0,3780.55777893812,5.51123805442552,5.51123805442552,18.4564831487371,28.9911626996481,0.960529376793238,6.05885867874512,0.0949895895488403,0.000812763155724193,0.0108703504408266,0.59164075017562,8.50975956322172,0.00240690947550847,1,0,5.06694697579964,7.14351309392098,4.6,0.510913500404204,0.915551731242141,528.395342741935,0.0114501868105435,6.16669936876013,0.237671786580437,0.036175710594315,3436.77143650794,5.8819223827328,6.0290530820266,0,71.61,63.64,6.55246032063274,61.92,51.06,48,31.62,6.98488377596999,6.81806823199604,2,2031,80,4.790709454,0.970733511,4812.757517,0.76597,15.56728147,4.38047642,3.890923628,11.1338997949018,0.030554350968488,0,0,45.1215939056549,4.65232545375081,1.46498681511866,0.00527395253442719,0.00761793143861705,0.00791092880164078,4.4710570127245,4.43710008890236,0.691,-0.014371917,0.007617931,4.716195013,16.62511716,0.994897959,705406.0117,4.924019955,4.576306998
"93","Petrópolis","RJ",0.151090788303185,0,13025.6025251999,5.70468514596315,5.70468514596315,10.3647727149224,34.7362237089388,0.977610201746936,5.53707013030771,0.0680447322993826,0.00916820387634402,0.00725766088695166,0.672688437216624,6.88483581465047,0.0259983534540741,1,21.9999999999998,6.01917500588581,6.30838381575392,4.2,0.531000885739593,0.577776092637717,569.18025862069,0.0088564693940481,5.42609097540112,0.276350752878654,0.154309371471584,4574.5778283767,5.81454309641023,5.54625409569875,0,27.44,71,5.67340317696121,25.74,56.09,37.17,28.06,6.21197609098227,5.93900677159344,4,42453,54,6.294550507,3.978550777,1686.230611,0.826959994,7.813924413,6.121041369,6.309852457,0,0.0563208664748688,0,0,128.252788104089,5.18085366571802,1.85873605947955,0.00354849611355188,0.0143629604596147,0.0135180804325786,5.3902154169174,5.22364513958261,0.745,-0.028109686,0.00675904,5.172929076,44.42078634,1.13444753,682920.7483,6.174241763,5.606138569
"94","Mossoró","RN",0.417191677482968,0,5338.62545425818,5.63579377867949,5.63579377867949,18.1747720289665,28.9875786961797,0.96404433170466,5.98668364749273,0.0957251441070231,0.00509393478319606,0.0125406242386746,0.705389212081914,5.62196878207077,0.0198738254027518,0,10,4.9351353072454,4.98188236555843,3.9,0.485333333333333,0.64509685084902,551.547941403238,0.0288857667566458,5.88536495538202,0.219666666666667,0.160631143300569,2936.86721391174,6.82120549862547,6.42219888686725,63,62,47.74,6.88864042075076,48.99,39.95,45.5,20.5,6.30911617236183,6.63736324265628,5,283,33,5.595547311,2.263035235,611.2444951,0.67223,66.49286354,6.167962791,5.823680442,33.1916616069622,0.0532712456344587,9.51447075490791,0,79.1337785873305,5.76349754399825,3.03582270795386,0.00829791540174054,0.0123456790123457,0.0105241853875734,5.26916333525508,5.47443335507874,0.72,0.005557098,0.00445254,5.197756631,22.79863196,0.729336516,468584.3021,4.600062741,4.671392052
"95","Suzano","SP",0.166463680857405,0,7592.437212629,5.54228271279393,5.54228271279393,13.2877456869197,37.6790908189119,0.989367769114925,5.23580371689865,0.0802103444976061,0.0108906017720432,0.00641091587475287,0.788151447408968,6.84934887383221,0.0395798542357882,1,24.0000000000001,6.39429866538474,6.33521059466754,5.2,0.651006711409396,0.862969890339583,547.098512195122,0.0109727319197996,7.27838496628903,0.26366251198466,0.15609756097561,5823.47084709869,5.23091357854532,6.30432248828494,0,33.55,60.8,5.59822477297154,39.33,58.74,0,3.9,5.41110911485481,5.47283599249172,4,83133,39,7.40362733,2.270256463,1372.936424,0.637468135,9.22883219,6.241846619,7.226814514,0,0.0936590136243416,0,0,92.4204001127078,5.22788111292767,3.66300366300366,0.019723865877712,0.010989010989011,0.00873485488870104,5.45555510636285,5.28469551761927,0.765,-0.006689757,0.016060862,6.332808099,39.68508917,1.360404104,762917.5725,6.467877715,6.483065522
"96","Taboão da Serra","SP",0.157614556764558,0,7534.2202212901,5.5346078737269,5.5346078737269,25.9998009353181,37.6790908189119,0.98816296352352,5.25869738116214,0.0802103444976061,0.0109141972802676,0.00996515569583675,0.655661602373405,5.86674345475086,0.0262000110240247,1,0,5.76245591236662,5.2224677950348,5.3,0.569060773480663,0.799099147613454,544.77451303155,0.00987536460657126,6.6372241096234,0.266850828729282,0.167582417582418,6630.55799430431,5.06928887305629,5.82463193681558,0,0,0,3.50770773399758,35.34,60.52,0,9.75,5.49003347786755,4.40240545741742,1,36387,63,5.486250923,2.475881262,2301.648796,0.59449,5.041542309,6.976177643,6.344772445,0,0.0694440020808782,0,0,178.716216216216,5.6805479907928,6.41891891891892,0.0358108108108108,0.00945945945945946,0.0118243243243243,6.37240237575221,6.02876855271906,0.769,-0.024666497,0.021621622,6.465180454,29.61921231,0.649285714,861785.2847,4.674972773,5.481241801
"97","Várzea Grande","MT",0.255688471911467,0,4533.27125554871,5.50388766073382,5.50388766073382,13.8103933673675,25.3747835399693,0.952401784137995,6.37999281131525,0.195900196611692,0.00628138054020063,0.00785068245454256,0.946973332920932,5.50099720067336,0.0174619034274355,1,0,5.50702759379625,5.57212963846849,4.3,0.518626309662398,0.750969391326754,507.245521885522,0.00296031271730701,4.88331823894281,0.209545983701979,0.207792207792208,4201.17483253589,5.83180833722099,5.2322462307443,0,36.96,56.28,5.58139838994546,44.1,35,62,15.62,6.3095434110138,5.94196676705555,4,8574,1122,5.222572409,1.656226432,370.7191996,0.82512,21.69548493,6.480379006,5.778529757,0,0.0431831885768535,0,1,92.1457905544148,5.60527638744506,1.28336755646817,0.013347022587269,0.00949691991786448,0.00795687885010267,4.85387899791083,5.16284112045586,0.734,0.001613274,0.004106776,5.302855862,29.60444654,1.343106996,664422.4335,6.082044426,5.628901301
"98","Sumaré","SP",0.13407902701217,0.0399777936771874,6817.16123156533,5.51065653766091,5.51065653766091,70.1997476663245,37.6790908189119,0.989801358445542,5.22639779733329,0.0802103444976061,0.00596069898708772,0.00589542293165044,0.605130781040393,6.73774983398695,0.0315074637139067,0,24.9999999999998,4.92855415235899,5.22582725807335,5.2,0.565878378378378,0.617818297331107,526.657307692308,0.00651011409225929,5.62210406151229,0.186655405405405,0,9623.63337888623,3.3733931898319,4.20471163367008,0,0,60.8,4.8107153217569,0,64.08,0,3.9,4.83569358175081,4.74758155223422,2,49496,159,5.90061447,3.278599396,2388.958524,0.67864,11.38421734,5.993759714,5.921248656,0,0.116279364918203,0,0,147.856755290288,5.84747743489896,2.1703743895822,0.0295713510580575,0.00813890396093326,0.00678241996744438,5.26879507802988,5.51986053241993,0.762,0.012908796,0.016820402,6.630644297,51.20997326,0.964357318,654239.0598,6.065392638,6.419929315
"99","Marabá","PA",0.214806246072922,0,3812.41902705935,5.45408114753087,5.45408114753087,22.9998407059477,28.9911626996481,0.977589588078835,5.71253969370562,0.0949895895488403,0.0010180807740747,0.0134798444898458,0.843409925554863,8.25241343735843,0.0112105574119546,1,0,5.32429113926242,6.90138117903617,4.3,0.475494411006019,0.71681602328761,523.191881838074,0.00999168186324246,5.07441216028462,0.187446259673259,0.137648131267092,5194.21580587178,4.91029646208969,4.79579768511276,0,60.06,59.2,6.18619666597905,50.4,49.58,51.2,17,6.52591465455575,6.37893640744556,2,1048,476,4.63421221,0.892607347,896.6071685,0.76597,53.18705156,4.811367454,4.095503156,4.92156259612427,0.0799081138731643,0,0,49.2156259612427,4.92443390768388,3.6911719470932,0.00338357428483544,0.00768994155644417,0.0113811135035374,4.90440642122592,4.82038358684136,0.668,0.095644028,0.003075977,5.759190483,39.69092413,1.950511299,947437.114,7.665256863,6.859390025
"100","Gravataí","RS",0.157192350316904,0,5131.68754114664,5.4580402482807,5.4580402482807,6.23277262742523,43.1684982508307,0.975393879266807,5.40898214799773,0.0985774299256746,0.00364095980973353,0.00487236227006035,0.851811733336692,7.59258238243885,0.0100330365204237,1,0,5.28987039334225,6.2037580939891,4.4,0.56328320802005,0.609133387718345,552.607843137255,0.00961616049503061,5.61600717658034,0.207393483709273,0.234015345268542,6192.30053243848,5.08944784630838,5.22646716228218,0,33.06,62,5.61244039964451,33.12,40.88,38.71,32.8,6.18824279854616,5.89393737939113,4,18869,32,5.865393502,2.407127649,1214.938498,0.64309,18.90994663,5.939213228,5.854320817,0,0.159743233297898,0,0,87.3287671232877,5.75803895098959,2.56849315068493,0.0271118721461187,0.0105593607305936,0.0111301369863014,5.75071961502915,5.73310279015228,0.736,0.019942178,0.016267123,6.356825708,43.41043689,1.00547092,795221.3552,5.877427605,6.141328468
"101","Santa Maria","RS",0.598252795217584,0,10142.408302035,5.90754222039732,5.90754222039732,20.7172735727036,43.1684982508307,0.964654898040604,5.62464690639524,0.0985774299256746,0.00700890439387775,0.00985638775657425,0.775689226681161,5.82986110453403,0.0213758392976818,1,11,6.1466656649833,5.72115870474603,4.5,0.517918676774638,0.630263289839899,573.10700729927,0.0238653501748316,6.39856935543178,0.338731909028256,0.590361445783133,3952.08867703046,8.36307420277107,7.65017208062455,28.08,38.76,57,6.04133965416071,35.04,43.8,38.71,18.45,5.98904738247629,6.01616987985459,5,266,184,5.27974773,3.781329013,942.561639,0.644020688,18.93680368,6.666982852,5.960283968,71.0270822687787,0.0497527190316329,19.8657809572475,1,95.8950774995742,7.79896474112786,10.0493953329927,0.00698347811275762,0.0168625447112928,0.0154999148356328,6.61756189055156,7.31292714926519,0.784,0.037498144,0.003065917,6.430328617,30.74374296,1.002148228,418066.3419,5.429966774,5.915714156
